Time (seconds),time_ms,value,label
18.75,17547,0,quiet
18.86,17653,0,quiet
18.96,17757,0,quiet
19.07,17861,0,quiet
19.17,17965,0,quiet
19.27,18069,0,quiet
19.38,18173,0,quiet
19.48,18277,0,quiet
19.59,18381,0,quiet
19.69,18485,0,quiet
19.79,18589,0,quiet
19.90,18693,0,quiet
20.02,18817,0,quiet
20.13,18921,0,quiet
20.23,19025,0,quiet
20.33,19130,0,quiet
20.44,19237,0,quiet
20.55,19341,0,quiet
20.65,19445,0,quiet
20.75,19549,0,quiet
20.86,19654,0,quiet
20.97,19761,0,quiet
21.07,19865,0,quiet
21.17,19969,0,quiet
21.30,20097,36,quiet
21.41,20201,118,quiet
21.51,20305,0,quiet
21.61,20409,17,quiet
21.72,20513,0,quiet
21.82,20617,0,quiet
21.93,20721,0,quiet
22.03,20825,0,quiet
22.13,20929,0,quiet
22.24,21038,0,quiet
22.35,21145,0,quiet
22.45,21249,0,quiet
22.56,21353,0,quiet
22.69,21482,0,quiet
22.79,21589,0,quiet
22.90,21693,0,quiet
23.00,21797,0,quiet
23.11,21901,0,quiet
23.21,22005,0,quiet
23.31,22110,0,quiet
23.42,22217,0,quiet
23.53,22321,0,quiet
23.63,22425,0,quiet
23.73,22529,0,quiet
23.84,22633,0,quiet
23.94,22737,0,quiet
24.07,22861,0,quiet
24.17,22965,1,quiet
24.27,23069,0,quiet
24.38,23173,26,quiet
24.48,23277,11,quiet
24.59,23381,23,quiet
24.69,23485,43,quiet
24.79,23589,13,quiet
24.90,23693,4,quiet
25.00,23797,7,quiet
25.11,23901,0,quiet
25.21,24005,0,quiet
25.34,24133,0,quiet
25.44,24237,0,quiet
25.55,24341,0,quiet
25.65,24445,0,quiet
25.75,24550,0,quiet
25.86,24657,0,quiet
25.97,24761,50,quiet
26.07,24865,45,quiet
26.17,24969,72,quiet
26.28,25074,0,quiet
26.39,25181,11,quiet
26.49,25285,0,quiet
26.59,25389,0,quiet
26.72,25513,0,medium
26.82,25617,0,medium
26.93,25721,0,medium
27.03,25825,158,medium
27.13,25929,139,medium
27.24,26033,0,medium
27.34,26138,44,medium
27.45,26245,46,medium
27.55,26349,69,medium
27.66,26453,0,medium
27.76,26558,0,medium
27.87,26665,0,medium
27.99,26790,0,medium
28.10,26897,0,medium
28.21,27001,0,medium
28.31,27105,0,medium
28.41,27209,0,medium
28.52,27314,0,medium
28.63,27422,13,medium
28.73,27529,0,medium
28.84,27633,0,medium
28.94,27737,0,medium
29.05,27841,0,medium
29.15,27945,0,medium
29.27,28069,0,medium
29.38,28173,0,medium
29.48,28277,0,medium
29.59,28381,17,medium
29.69,28485,0,medium
29.79,28590,0,medium
29.90,28697,0,medium
30.01,28801,35,medium
30.11,28905,0,medium
30.21,29010,0,medium
30.32,29117,0,medium
30.43,29221,0,medium
30.55,29346,24,medium
30.66,29453,0,medium
30.76,29558,0,medium
30.87,29665,0,medium
30.97,29769,0,medium
31.08,29873,0,medium
31.18,29977,0,medium
31.29,30081,0,medium
31.39,30185,0,medium
31.49,30289,0,medium
31.60,30393,0,medium
31.70,30498,0,medium
31.83,30629,67,medium
31.94,30734,71,medium
32.05,30841,50,medium
32.15,30945,35,medium
32.25,31050,90,medium
32.36,31157,1,medium
32.47,31262,33,medium
32.57,31370,36,medium
32.68,31477,73,medium
32.79,31581,0,medium
32.89,31685,70,medium
32.99,31789,1,medium
33.12,31913,56,medium
33.22,32017,0,medium
33.33,32121,76,medium
33.43,32226,0,medium
33.54,32333,47,medium
33.64,32437,0,medium
33.75,32541,39,medium
33.85,32645,0,medium
33.95,32749,50,medium
34.06,32853,36,medium
34.16,32957,49,medium
34.27,33061,0,medium
34.39,33185,4,medium
34.49,33290,39,medium
34.60,33397,67,medium
34.71,33501,21,medium
34.81,33606,13,medium
34.92,33713,48,medium
35.02,33817,21,medium
35.13,33921,0,medium
35.23,34025,50,medium
35.33,34129,24,medium
35.44,34238,11,medium
35.55,34345,77,medium
35.67,34469,13,medium
35.78,34573,29,medium
35.88,34677,26,medium
35.99,34781,0,medium
36.09,34885,37,medium
36.19,34989,67,medium
36.30,35093,28,medium
36.40,35198,65,medium
36.51,35305,0,medium
36.61,35409,57,medium
36.72,35513,0,medium
36.85,35641,0,medium
36.95,35745,1,medium
37.05,35850,45,medium
37.16,35957,0,medium
37.27,36062,37,medium
37.37,36169,40,medium
37.48,36273,0,medium
37.58,36377,0,medium
37.69,36482,0,medium
37.79,36589,0,medium
37.90,36693,0,medium
38.00,36797,0,medium
38.13,36925,0,medium
38.24,37033,0,medium
38.34,37137,0,medium
38.45,37241,0,medium
38.55,37345,0,medium
38.65,37449,0,medium
38.76,37553,0,medium
38.86,37657,0,medium
38.97,37761,0,medium
39.07,37865,0,medium
39.17,37969,0,medium
39.28,38073,0,medium
39.38,38179,0,medium
39.61,38409,0,medium
39.72,38513,0,medium
39.82,38617,0,medium
39.93,38721,0,medium
40.03,38825,0,medium
40.13,38929,0,medium
40.24,39033,0,medium
40.34,39138,0,medium
40.45,39245,0,medium
40.55,39349,0,medium
40.66,39457,0,medium
40.77,39561,0,medium
40.89,39685,0,medium
40.99,39789,0,medium
41.10,39893,0,medium
41.20,39997,0,medium
41.31,40102,0,medium
41.41,40209,0,medium
41.52,40313,0,medium
41.62,40417,0,medium
41.73,40521,0,medium
41.83,40626,0,medium
41.94,40733,19,medium
42.04,40837,9,medium
42.17,40961,0,medium
42.27,41065,0,medium
42.37,41169,0,medium
42.48,41274,0,medium
42.59,41381,65,medium
42.69,41485,29,medium
42.79,41589,66,medium
42.90,41693,19,medium
43.01,41801,47,medium
43.11,41905,0,medium
43.21,42009,116,medium
43.32,42113,65,medium
43.44,42237,87,medium
43.55,42341,42,medium
43.65,42445,87,medium
43.75,42549,33,medium
43.86,42653,117,medium
43.96,42757,100,medium
44.07,42861,29,medium
44.17,42966,0,medium
44.28,43074,0,medium
44.39,43181,0,medium
44.49,43285,24,medium
44.62,43413,0,medium
44.72,43517,0,medium
44.83,43621,0,medium
44.93,43725,0,medium
45.03,43829,0,medium
45.14,43933,0,medium
45.24,44037,0,medium
45.35,44141,0,medium
45.45,44245,0,medium
45.55,44349,0,medium
45.66,44453,0,medium
45.76,44557,0,medium
45.87,44661,21,medium
45.99,44785,53,medium
46.09,44889,37,medium
46.20,44993,71,medium
46.30,45097,39,medium
46.41,45201,0,medium
46.51,45306,83,medium
46.62,45413,71,medium
46.72,45517,57,medium
46.83,45621,0,medium
46.93,45725,0,medium
47.04,45834,23,medium
47.17,45961,0,medium
47.27,46065,0,medium
47.37,46169,0,medium
47.48,46273,0,medium
47.58,46377,13,medium
47.69,46482,0,medium
47.79,46589,0,medium
47.90,46693,0,medium
48.00,46797,0,medium
48.11,46901,0,medium
48.21,47006,0,medium
48.32,47113,0,medium
48.43,47225,0,medium
48.55,47341,0,medium
48.65,47445,0,medium
48.75,47550,0,medium
48.86,47657,0,medium
48.97,47761,0,medium
49.07,47865,0,medium
49.17,47969,0,medium
49.28,48074,0,medium
49.39,48182,0,medium
49.49,48289,0,medium
49.60,48393,0,medium
49.70,48497,0,medium
49.83,48621,0,medium
49.93,48726,0,medium
50.04,48834,0,medium
50.15,48941,0,medium
50.25,49045,0,medium
50.35,49149,0,medium
50.46,49253,0,medium
50.56,49357,0,medium
50.67,49461,0,medium
50.77,49565,0,medium
50.87,49669,0,medium
50.98,49773,0,medium
51.10,49898,0,medium
51.21,50005,0,medium
51.31,50109,0,medium
51.42,50213,0,medium
51.52,50317,0,medium
51.63,50421,0,medium
51.73,50526,0,medium
51.84,50633,0,quiet
51.94,50737,67,quiet
52.05,50841,0,quiet
52.15,50945,0,quiet
52.25,51049,0,quiet
52.38,51177,0,quiet
52.49,51281,0,quiet
52.59,51385,0,quiet
52.69,51489,0,quiet
52.80,51593,0,quiet
52.90,51697,0,quiet
53.01,51801,0,quiet
53.11,51905,0,quiet
53.21,52009,0,quiet
53.32,52113,0,quiet
53.42,52217,0,quiet
53.53,52321,0,quiet
53.63,52425,0,quiet
53.75,52549,0,quiet
53.86,52653,0,quiet
53.96,52757,0,quiet
54.07,52866,0,quiet
54.18,52973,0,quiet
54.28,53077,0,quiet
54.39,53181,0,quiet
54.49,53285,0,quiet
54.59,53390,0,quiet
54.70,53497,0,quiet
54.81,53601,0,quiet
54.91,53705,0,quiet
55.01,53809,0,quiet
55.14,53933,0,quiet
55.24,54037,0,quiet
55.35,54141,0,quiet
55.45,54245,0,quiet
55.55,54349,0,quiet
55.66,54453,0,quiet
55.76,54557,0,quiet
55.87,54661,0,quiet
55.97,54765,0,quiet
56.07,54869,0,quiet
56.18,54973,0,quiet
56.28,55078,0,quiet
56.39,55185,0,quiet
56.51,55309,0,quiet
56.62,55413,0,quiet
56.72,55517,0,quiet
56.83,55621,0,quiet
56.93,55725,0,quiet
57.03,55830,0,quiet
57.14,55937,0,quiet
57.25,56041,0,quiet
57.35,56145,0,quiet
57.45,56249,0,quiet
57.56,56353,0,quiet
57.66,56457,0,quiet
57.79,56585,0,quiet
57.89,56689,0,quiet
58.00,56793,0,quiet
58.10,56897,0,quiet
58.21,57003,0,quiet
58.31,57109,0,quiet
58.42,57213,0,quiet
58.52,57317,0,quiet
58.63,57421,0,quiet
58.73,57525,0,quiet
58.83,57630,0,quiet
58.94,57737,0,quiet
59.05,57841,0,quiet
59.17,57969,0,quiet
59.28,58073,0,quiet
59.39,58181,0,quiet
59.49,58285,0,quiet
59.59,58389,0,quiet
59.70,58493,0,quiet
59.80,58597,0,quiet
59.91,58701,0,quiet
60.01,58806,0,quiet
60.12,58914,0,quiet
60.23,59021,0,quiet
60.33,59125,0,quiet
60.43,59229,0,quiet
60.67,59465,0,quiet
60.77,59569,0,quiet
60.88,59673,0,quiet
60.98,59778,0,quiet
61.09,59886,0,quiet
61.20,59993,29,quiet
61.30,60097,44,quiet
61.41,60201,32,quiet
61.51,60305,0,quiet
61.61,60409,0,quiet
61.72,60513,0,quiet
61.82,60617,0,quiet
61.93,60721,0,quiet
62.05,60845,0,quiet
62.15,60949,0,quiet
62.26,61053,0,quiet
62.36,61157,0,quiet
62.47,61261,0,quiet
62.57,61365,0,quiet
62.67,61469,0,quiet
62.78,61573,0,quiet
62.88,61677,0,quiet
62.99,61781,0,quiet
63.09,61885,7,quiet
63.19,61990,0,quiet
63.31,62105,0,quiet
63.43,62222,0,medium
63.53,62329,0,medium
63.64,62433,0,medium
63.74,62537,0,medium
63.85,62641,0,medium
63.95,62745,0,medium
64.05,62850,0,medium
64.16,62958,0,medium
64.27,63065,0,medium
64.37,63169,0,medium
64.48,63273,55,medium
64.58,63377,59,medium
64.71,63501,69,medium
64.81,63605,0,medium
64.91,63710,0,medium
65.02,63817,31,medium
65.13,63921,0,medium
65.23,64026,23,medium
65.34,64133,51,medium
65.44,64237,0,medium
65.55,64341,0,medium
65.65,64445,33,medium
65.76,64553,35,medium
65.86,64658,0,medium
65.99,64781,0,medium
66.09,64885,0,medium
66.19,64989,0,medium
66.30,65093,0,medium
66.41,65201,0,medium
66.51,65305,0,medium
66.61,65409,0,medium
66.72,65513,0,medium
66.82,65617,0,medium
66.93,65721,0,medium
67.03,65826,0,medium
67.14,65933,0,medium
67.26,66057,0,medium
67.37,66161,0,medium
67.47,66265,0,medium
67.57,66369,0,medium
67.68,66473,0,medium
67.78,66577,0,medium
67.89,66682,0,medium
67.99,66789,0,medium
68.10,66893,0,medium
68.20,66998,0,medium
68.31,67105,0,medium
68.41,67209,0,medium
68.54,67333,0,medium
68.64,67437,0,medium
68.75,67541,0,medium
68.85,67645,0,medium
68.95,67750,0,medium
69.06,67857,0,medium
69.17,67961,0,medium
69.27,68066,0,medium
69.38,68173,0,medium
69.48,68277,0,medium
69.59,68381,0,medium
69.69,68485,0,medium
69.82,68614,0,medium
69.93,68721,0,medium
70.03,68825,0,medium
70.13,68929,0,medium
70.24,69033,0,medium
70.34,69137,0,medium
70.45,69241,0,medium
70.55,69345,0,medium
70.65,69449,0,medium
70.76,69553,0,medium
70.86,69657,0,medium
70.97,69761,15,medium
71.09,69889,43,medium
71.20,69993,19,medium
71.30,70097,28,medium
71.41,70201,52,medium
71.51,70309,46,medium
71.62,70413,0,medium
71.72,70517,0,medium
71.83,70622,0,medium
71.93,70729,0,medium
72.04,70833,0,medium
72.14,70937,0,medium
72.25,71041,0,medium
72.37,71169,0,medium
72.48,71273,0,medium
72.58,71377,0,medium
72.69,71481,0,medium
72.79,71586,0,medium
72.90,71693,0,medium
73.00,71797,0,medium
73.11,71901,0,medium
73.21,72006,0,medium
73.32,72113,0,medium
73.42,72217,0,medium
73.53,72321,0,medium
73.65,72449,0,medium
73.76,72554,0,medium
73.87,72661,55,medium
73.97,72765,67,medium
74.07,72869,61,medium
74.18,72973,88,medium
74.28,73077,26,medium
74.39,73182,0,medium
74.49,73289,35,medium
74.60,73393,43,medium
74.70,73497,71,medium
74.81,73601,42,medium
74.93,73729,80,medium
75.04,73833,78,medium
75.14,73937,72,medium
75.25,74041,63,medium
75.35,74145,76,medium
75.45,74249,1,medium
75.56,74353,35,medium
75.66,74457,44,medium
75.77,74562,0,medium
75.87,74669,9,medium
75.98,74773,0,medium
76.08,74877,37,medium
76.21,75001,78,medium
76.31,75105,0,medium
76.41,75209,0,medium
76.52,75313,0,medium
76.62,75417,0,medium
76.73,75521,13,medium
76.83,75625,0,medium
76.93,75729,0,medium
77.04,75833,0,medium
77.14,75937,0,medium
77.25,76041,0,medium
77.35,76145,0,medium
77.47,76269,0,medium
77.58,76373,0,medium
77.68,76477,0,medium
77.79,76581,0,medium
77.89,76686,0,medium
78.00,76793,0,medium
78.10,76897,0,medium
78.21,77001,11,medium
78.31,77105,0,medium
78.42,77213,0,medium
78.52,77317,4,medium
78.63,77421,0,medium
78.75,77549,9,medium
78.86,77653,0,medium
78.97,77762,1,medium
79.07,77869,0,medium
79.18,77973,0,medium
79.28,78077,0,medium
79.39,78181,0,medium
79.49,78285,0,medium
79.59,78390,0,medium
79.70,78497,0,medium
79.81,78602,0,medium
79.91,78709,17,medium
80.04,78837,11,medium
80.15,78941,47,medium
80.25,79045,28,medium
80.35,79149,39,medium
80.46,79253,37,medium
80.56,79357,33,medium
80.67,79461,0,medium
80.77,79566,4,medium
80.88,79673,26,medium
80.98,79777,0,medium
81.09,79881,0,medium
81.19,79985,0,medium
81.42,80213,0,medium
81.52,80317,0,medium
81.63,80422,0,medium
81.73,80529,0,medium
81.84,80634,0,medium
81.95,80741,0,medium
82.05,80845,0,medium
82.15,80949,0,medium
82.26,81053,0,medium
82.36,81157,0,medium
82.47,81266,0,medium
82.58,81373,0,medium
82.71,81501,7,medium
82.81,81605,11,medium
82.92,81714,0,medium
83.03,81821,0,medium
83.13,81925,36,medium
83.23,82029,35,medium
83.34,82133,0,medium
83.44,82237,0,medium
83.55,82346,26,medium
83.66,82453,0,medium
83.76,82557,15,medium
83.87,82661,0,medium
83.99,82790,0,medium
84.10,82897,0,medium
84.21,83001,0,medium
84.31,83106,0,medium
84.42,83213,11,medium
84.52,83317,29,medium
84.63,83425,46,medium
84.73,83529,0,medium
84.84,83633,0,medium
84.94,83737,0,medium
85.05,83841,0,medium
85.15,83946,0,medium
85.28,84074,7,medium
85.39,84181,7,medium
85.49,84285,0,medium
85.59,84389,32,medium
85.70,84494,0,medium
85.81,84601,0,medium
85.91,84705,7,medium
86.01,84809,31,medium
86.12,84913,0,medium
86.22,85017,0,medium
86.33,85123,0,medium
86.43,85229,0,medium
86.55,85341,17,medium
86.66,85457,0,medium
86.77,85561,0,medium
86.87,85670,0,medium
86.98,85777,0,medium
87.09,85881,0,medium
87.19,85986,0,medium
87.30,86093,0,medium
87.40,86197,19,medium
87.51,86301,0,medium
87.61,86405,0,medium
87.71,86509,0,medium
87.82,86613,70,medium
87.94,86738,158,medium
88.05,86845,141,medium
88.15,86949,163,medium
88.26,87053,178,medium
88.36,87157,160,medium
88.47,87261,137,medium
88.57,87366,149,medium
88.68,87473,99,medium
88.78,87577,119,medium
88.89,87681,78,medium
88.99,87785,35,medium
89.11,87910,70,medium
89.22,88017,24,medium
89.33,88121,117,medium
89.43,88225,123,medium
89.53,88329,45,medium
89.64,88433,145,medium
89.74,88537,105,medium
89.85,88641,50,medium
89.95,88745,0,medium
90.05,88849,0,medium
90.16,88953,0,medium
90.29,89082,59,medium
90.39,89190,82,medium
90.50,89297,81,medium
90.61,89401,99,medium
90.71,89505,95,medium
90.81,89610,26,medium
90.92,89717,0,medium
91.03,89821,0,medium
91.13,89926,0,medium
91.24,90033,53,medium
91.34,90137,61,medium
91.45,90242,70,medium
91.57,90369,56,medium
91.68,90473,48,medium
91.78,90577,37,medium
91.89,90681,13,medium
91.99,90786,0,medium
92.10,90893,0,medium
92.20,90997,0,medium
92.31,91101,0,medium
92.41,91205,0,medium
92.52,91313,0,medium
92.62,91417,0,medium
92.73,91521,0,medium
92.85,91649,0,medium
92.96,91753,0,medium
93.06,91857,0,medium
93.17,91961,0,medium
93.27,92065,0,medium
93.37,92169,0,medium
93.48,92273,0,medium
93.58,92377,0,medium
93.69,92481,0,medium
93.79,92585,0,medium
93.89,92689,0,medium
94.00,92793,0,medium
94.13,92921,0,medium
94.23,93026,0,medium
94.34,93133,0,medium
94.44,93237,67,medium
94.55,93341,88,medium
94.65,93445,70,medium
94.75,93549,0,medium
94.86,93653,65,medium
94.96,93757,66,medium
95.07,93861,46,medium
95.17,93965,0,medium
95.27,94069,9,medium
95.40,94197,48,medium
95.51,94301,42,medium
95.61,94405,0,medium
95.71,94509,31,medium
95.82,94613,0,medium
95.92,94717,0,medium
96.03,94823,0,medium
96.13,94929,0,medium
96.24,95033,0,medium
96.34,95137,0,medium
96.45,95241,0,medium
96.55,95345,0,medium
96.68,95473,0,medium
96.78,95577,0,medium
96.89,95681,0,medium
96.99,95785,0,medium
97.09,95889,0,medium
97.20,95993,0,medium
97.30,96097,0,medium
97.41,96201,0,medium
97.51,96305,0,medium
97.61,96409,0,medium
97.72,96513,0,medium
97.82,96618,0,medium
97.93,96727,0,medium
98.06,96853,0,medium
98.16,96957,0,medium
98.27,97062,0,medium
98.37,97169,0,medium
98.48,97273,0,medium
98.58,97377,0,medium
98.69,97481,51,medium
98.79,97585,125,medium
98.89,97689,70,medium
99.00,97794,65,medium
99.11,97901,49,medium
99.23,98029,107,medium
99.34,98133,108,medium
99.44,98238,31,medium
99.55,98345,73,medium
99.65,98449,23,medium
99.76,98553,0,medium
99.86,98658,0,medium
99.97,98766,0,medium
100.08,98873,1,medium
100.18,98977,0,medium
100.29,99081,0,medium
100.39,99185,0,medium
100.52,99314,26,medium
100.63,99422,15,medium
100.73,99529,0,medium
100.84,99633,0,medium
100.94,99737,0,medium
101.05,99842,7,medium
101.15,99949,0,medium
101.26,100053,0,medium
101.36,100157,0,medium
101.47,100261,0,medium
101.57,100365,0,medium
101.79,100589,0,medium
101.91,100705,0,medium
102.01,100809,0,medium
102.12,100913,0,medium
102.22,101018,0,medium
102.33,101125,0,medium
102.43,101229,33,medium
102.54,101333,0,medium
102.64,101438,0,medium
102.75,101545,65,medium
102.85,101649,28,medium
102.97,101761,52,medium
103.08,101877,13,medium
103.19,101981,0,medium
103.29,102086,0,medium
103.40,102193,0,medium
103.50,102297,0,medium
103.61,102402,0,medium
103.71,102509,0,medium
103.82,102613,81,medium
103.93,102721,4,medium
104.03,102825,21,medium
104.16,102953,45,medium
104.26,103057,35,medium
104.37,103161,17,medium
104.47,103267,0,medium
104.58,103374,17,medium
104.69,103481,0,medium
104.79,103585,11,medium
104.89,103689,15,medium
105.00,103793,23,medium
105.11,103901,40,medium
105.21,104009,35,medium
105.34,104137,35,medium
105.45,104241,36,medium
105.55,104346,50,medium
105.66,104453,17,medium
105.76,104557,7,medium
105.87,104661,0,medium
105.97,104765,0,medium
106.07,104869,0,medium
106.18,104973,0,medium
106.28,105079,0,medium
106.39,105185,0,medium
106.52,105313,0,medium
106.62,105417,0,medium
106.73,105522,0,medium
106.83,105629,0,medium
106.94,105733,112,medium
107.04,105837,89,medium
107.15,105941,125,medium
107.25,106045,43,medium
107.36,106154,155,medium
107.47,106261,88,medium
107.57,106365,162,medium
107.69,106489,57,medium
107.80,106593,23,medium
107.90,106697,118,medium
108.01,106801,77,medium
108.11,106905,129,medium
108.21,107010,68,medium
108.32,107117,61,medium
108.43,107221,13,medium
108.53,107325,90,medium
108.63,107429,175,medium
108.76,107557,63,medium
108.87,107661,73,medium
108.97,107765,39,medium
109.07,107870,28,medium
109.18,107978,0,medium
109.29,108085,98,medium
109.39,108189,80,medium
109.50,108293,36,medium
109.60,108397,13,medium
109.71,108501,98,medium
109.81,108605,52,medium
109.94,108733,24,medium
110.04,108837,159,medium
110.15,108942,31,medium
110.25,109049,24,medium
110.36,109153,13,medium
110.46,109257,144,medium
110.57,109361,67,medium
110.67,109465,64,medium
110.78,109574,13,medium
110.89,109681,19,medium
110.99,109785,35,medium
111.12,109913,7,medium
111.22,110017,28,medium
111.33,110121,45,medium
111.43,110225,0,medium
111.53,110329,7,medium
111.64,110433,0,medium
111.74,110538,56,medium
111.85,110645,0,medium
111.95,110750,0,medium
112.06,110858,0,medium
112.17,110965,0,medium
112.29,111089,0,medium
112.40,111193,0,medium
112.50,111297,0,medium
112.61,111401,0,medium
112.71,111505,0,medium
112.81,111609,0,medium
112.92,111713,0,medium
113.02,111817,0,medium
113.13,111925,0,medium
113.23,112029,0,medium
113.34,112133,0,medium
113.46,112257,0,medium
113.57,112362,0,medium
113.67,112469,0,medium
113.78,112573,0,medium
113.88,112678,7,medium
113.99,112785,75,medium
114.09,112889,13,medium
114.20,112993,17,medium
114.30,113097,0,medium
114.41,113201,59,medium
114.51,113305,49,medium
114.63,113429,0,medium
114.74,113534,0,medium
114.85,113641,56,medium
114.95,113745,28,medium
115.05,113849,0,medium
115.16,113953,21,medium
115.26,114057,7,medium
115.37,114162,0,medium
115.47,114269,98,medium
115.58,114373,0,medium
115.68,114477,0,medium
115.81,114602,0,medium
115.91,114710,0,medium
116.02,114817,0,medium
116.13,114921,0,medium
116.23,115025,1,medium
116.33,115129,0,medium
116.44,115233,0,medium
116.54,115338,0,medium
116.65,115445,0,medium
116.75,115550,0,medium
116.86,115657,0,medium
116.99,115781,0,medium
117.09,115886,0,medium
117.20,115993,0,medium
117.30,116097,0,medium
117.41,116201,0,medium
117.51,116305,0,medium
117.61,116409,0,medium
117.72,116514,0,medium
117.83,116621,0,medium
117.93,116725,0,medium
118.03,116829,0,medium
118.16,116953,0,medium
118.26,117057,0,medium
118.37,117161,0,medium
118.47,117265,0,medium
118.57,117370,0,medium
118.68,117477,0,medium
118.79,117581,0,medium
118.89,117690,0,medium
119.00,117797,0,medium
119.11,117901,0,medium
119.21,118005,0,medium
119.33,118130,0,medium
119.44,118237,0,medium
119.55,118341,0,medium
119.65,118445,0,medium
119.75,118549,0,medium
119.86,118653,0,medium
119.96,118758,0,medium
120.07,118865,0,medium
120.17,118969,0,medium
120.28,119073,0,medium
120.38,119177,0,medium
120.61,119405,0,medium
120.71,119509,0,medium
120.82,119613,0,medium
120.92,119717,0,medium
121.03,119821,0,medium
121.13,119929,0,medium
121.24,120037,0,medium
121.35,120141,0,medium
121.45,120245,0,medium
121.55,120349,0,medium
121.66,120454,0,medium
121.79,120585,0,medium
121.89,120689,0,medium
122.00,120793,0,medium
122.10,120897,0,medium
122.21,121001,0,medium
122.31,121106,0,medium
122.42,121213,0,medium
122.52,121318,0,medium
122.63,121425,0,medium
122.73,121529,0,medium
122.84,121633,0,medium
122.97,121761,0,medium
123.07,121865,0,medium
123.17,121969,0,medium
123.28,122073,66,medium
123.38,122177,64,medium
123.49,122282,58,medium
123.59,122389,46,medium
123.70,122493,0,medium
123.80,122597,0,medium
123.91,122701,43,medium
124.01,122809,24,medium
124.14,122937,0,medium
124.25,123041,0,medium
124.35,123145,61,medium
124.45,123249,23,medium
124.56,123354,45,medium
124.67,123461,85,medium
124.77,123565,19,medium
124.87,123669,4,medium
124.98,123773,33,medium
125.08,123877,73,medium
125.19,123986,43,medium
125.32,124113,39,medium
125.42,124217,0,medium
125.53,124321,62,medium
125.63,124425,65,medium
125.73,124529,66,medium
125.84,124633,13,medium
125.94,124737,0,medium
126.05,124841,39,medium
126.15,124945,63,medium
126.25,125049,75,medium
126.36,125154,32,medium
126.49,125281,37,medium
126.59,125385,49,medium
126.69,125489,60,medium
126.80,125593,47,medium
126.91,125702,43,medium
127.01,125809,4,medium
127.12,125913,63,medium
127.22,126018,95,medium
127.33,126125,56,medium
127.43,126229,52,medium
127.54,126338,51,medium
127.67,126461,0,medium
127.77,126565,40,medium
127.87,126669,31,medium
127.98,126773,1,medium
128.09,126882,33,medium
128.19,126989,44,medium
128.30,127093,55,medium
128.40,127197,15,medium
128.51,127301,0,medium
128.61,127405,0,medium
128.74,127533,40,medium
128.84,127637,0,medium
128.95,127741,0,medium
129.05,127845,0,medium
129.15,127950,0,medium
129.26,128057,0,medium
129.37,128161,0,medium
129.47,128265,0,medium
129.57,128369,0,medium
129.68,128473,0,medium
129.79,128582,0,medium
129.91,128709,0,medium
130.02,128813,0,medium
130.12,128917,0,medium
130.23,129021,0,medium
130.33,129125,0,medium
130.43,129229,0,medium
130.54,129333,0,medium
130.64,129437,0,medium
130.75,129541,0,medium
130.85,129645,7,medium
130.95,129749,0,medium
131.06,129853,24,medium
131.19,129981,32,medium
131.29,130085,0,medium
131.39,130189,15,medium
131.50,130298,0,medium
131.61,130405,58,medium
131.71,130509,1,medium
131.82,130613,0,medium
131.92,130717,0,medium
132.03,130826,0,medium
132.14,130933,0,medium
132.24,131037,0,medium
132.37,131162,0,medium
132.47,131270,0,medium
132.58,131377,0,medium
132.69,131481,0,medium
132.79,131586,0,medium
132.90,131693,0,medium
133.00,131797,0,medium
133.11,131901,0,medium
133.21,132005,0,medium
133.31,132109,4,medium
133.42,132213,4,medium
133.54,132337,0,medium
133.65,132441,0,medium
133.75,132546,0,medium
133.86,132653,31,medium
133.96,132757,0,medium
134.07,132861,0,medium
134.17,132965,0,medium
134.28,133074,0,medium
134.39,133181,0,medium
134.49,133285,0,medium
134.59,133389,0,medium
134.72,133513,0,medium
134.82,133617,0,medium
134.93,133721,0,medium
135.03,133825,0,medium
135.13,133929,0,medium
135.24,134033,0,medium
135.34,134137,1,medium
135.45,134241,0,medium
135.55,134346,0,medium
135.66,134453,0,medium
135.76,134558,0,medium
135.89,134685,0,medium
135.99,134789,0,medium
136.10,134893,0,medium
136.20,134997,0,medium
136.31,135101,0,medium
136.41,135205,0,medium
136.51,135309,21,medium
136.62,135413,79,medium
136.72,135517,74,medium
136.83,135621,48,medium
136.93,135725,60,medium
137.05,135849,78,medium
137.16,135953,63,medium
137.26,136057,48,medium
137.37,136161,0,medium
137.47,136265,37,medium
137.57,136369,99,medium
137.68,136477,50,medium
137.79,136582,59,medium
137.89,136689,57,medium
138.00,136793,48,medium
138.10,136897,60,medium
138.23,137021,0,medium
138.33,137130,58,medium
138.44,137237,15,medium
138.55,137341,0,medium
138.65,137446,0,medium
138.76,137553,0,medium
138.86,137657,0,medium
138.97,137761,0,medium
139.07,137865,0,medium
139.17,137969,0,medium
139.28,138073,0,medium
139.52,138314,0,medium
139.63,138421,68,medium
139.73,138529,51,medium
139.84,138633,0,medium
139.94,138737,1,medium
140.05,138846,52,medium
140.16,138953,15,medium
140.26,139057,107,medium
140.37,139161,106,medium
140.47,139265,79,medium
140.60,139394,0,medium
140.71,139501,0,medium
140.81,139605,23,medium
140.91,139709,77,medium
141.02,139813,123,medium
141.12,139917,32,medium
141.23,140022,52,medium
141.33,140130,70,medium
141.44,140237,77,medium
141.55,140341,41,medium
141.65,140445,0,medium
141.77,140570,17,medium
141.88,140677,0,medium
141.99,140781,59,medium
142.09,140885,69,medium
142.19,140989,35,medium
142.30,141093,96,medium
142.40,141197,21,medium
142.51,141301,45,medium
142.61,141405,0,medium
142.71,141509,0,medium
142.82,141613,0,medium
142.94,141737,0,medium
143.05,141841,0,medium
143.15,141945,0,medium
143.25,142049,0,medium
143.36,142153,0,medium
143.46,142257,0,medium
143.57,142362,0,medium
143.67,142469,0,medium
143.78,142573,13,medium
143.88,142677,0,medium
143.99,142781,0,medium
144.11,142905,69,medium
144.21,143010,79,medium
144.32,143117,0,medium
144.43,143221,0,medium
144.53,143325,0,medium
144.63,143430,0,medium
144.74,143537,103,medium
144.85,143641,88,medium
144.95,143745,72,medium
145.05,143849,0,medium
145.16,143953,0,medium
145.29,144081,0,medium
145.39,144185,0,medium
145.49,144289,0,medium
145.60,144393,0,medium
145.70,144497,0,medium
145.81,144606,35,medium
145.92,144713,0,medium
146.02,144817,4,medium
146.13,144921,67,medium
146.23,145026,31,medium
146.34,145133,0,medium
146.46,145257,78,medium
146.57,145361,67,medium
146.67,145465,0,medium
146.77,145569,0,medium
146.88,145673,0,medium
146.98,145777,0,medium
147.09,145881,0,medium
147.19,145986,0,medium
147.30,146093,0,medium
147.40,146197,0,medium
147.51,146301,0,medium
147.63,146425,0,medium
147.73,146529,26,medium
147.84,146633,65,medium
147.94,146737,0,medium
148.05,146841,0,medium
148.15,146945,39,medium
148.25,147050,69,medium
148.36,147157,60,medium
148.47,147261,56,medium
148.57,147365,50,medium
148.67,147469,19,medium
148.80,147594,63,medium
148.91,147702,41,medium
149.01,147809,4,medium
149.12,147913,0,medium
149.22,148017,7,medium
149.33,148122,1,medium
149.43,148229,19,medium
149.54,148333,54,medium
149.64,148437,0,medium
149.75,148541,24,medium
149.85,148649,52,medium
149.98,148774,0,medium
150.09,148881,60,medium
150.19,148985,7,medium
150.29,149089,26,medium
150.40,149193,0,medium
150.50,149297,0,medium
150.61,149401,0,medium
150.71,149505,0,medium
150.81,149609,0,medium
150.92,149713,0,medium
151.02,149817,0,medium
151.15,149945,0,medium
151.25,150049,0,medium
151.36,150153,0,medium
151.46,150257,0,medium
151.57,150365,28,medium
151.68,150473,0,medium
151.79,150581,0,medium
151.89,150686,0,medium
152.00,150793,0,medium
152.10,150897,44,medium
152.21,151002,4,medium
152.33,151125,119,medium
152.43,151229,105,medium
152.54,151333,48,medium
152.64,151437,96,medium
152.75,151542,83,medium
152.85,151650,7,medium
152.96,151757,65,medium
153.07,151861,26,medium
153.17,151965,45,medium
153.27,152069,42,medium
153.40,152197,0,medium
153.51,152301,41,medium
153.61,152405,0,medium
153.71,152509,0,medium
153.82,152613,66,medium
153.92,152718,92,medium
154.03,152825,65,medium
154.13,152929,19,medium
154.24,153033,68,medium
154.34,153137,11,medium
154.45,153246,59,medium
154.58,153373,0,medium
154.68,153477,0,medium
154.79,153581,43,medium
154.89,153685,0,medium
154.99,153789,32,medium
155.10,153893,0,medium
155.20,153997,0,medium
155.31,154101,0,medium
155.41,154205,0,medium
155.51,154309,0,medium
155.62,154413,0,medium
155.75,154541,0,medium
155.85,154645,0,medium
155.95,154749,0,medium
156.06,154853,0,medium
156.17,154962,0,medium
156.27,155069,0,medium
156.38,155173,0,medium
156.48,155277,0,medium
156.59,155381,0,medium
156.69,155485,0,medium
156.79,155590,0,medium
156.92,155717,0,medium
157.03,155821,0,medium
157.13,155925,0,medium
157.23,156029,0,medium
157.34,156133,0,medium
157.45,156241,0,medium
157.55,156345,0,medium
157.65,156449,0,medium
157.76,156553,0,medium
157.87,156662,0,medium
157.97,156769,0,medium
158.20,156997,7,medium
158.31,157101,0,medium
158.41,157205,11,medium
158.51,157310,4,medium
158.62,157417,9,medium
158.73,157521,0,medium
158.83,157625,0,medium
158.93,157729,0,medium
159.04,157838,47,medium
159.15,157945,11,medium
159.25,158049,0,medium
159.38,158177,0,medium
159.49,158281,0,medium
159.59,158385,72,medium
159.69,158489,83,medium
159.80,158593,40,medium
159.90,158697,46,medium
160.01,158801,7,medium
160.11,158905,0,medium
160.21,159009,0,medium
160.32,159113,7,medium
160.42,159217,0,medium
160.55,159345,83,medium
160.65,159449,35,medium
160.76,159558,40,medium
160.87,159665,0,medium
160.97,159769,0,medium
161.08,159873,0,medium
161.18,159977,0,medium
161.29,160086,0,medium
161.40,160193,54,medium
161.50,160297,51,medium
161.61,160401,45,medium
161.73,160529,0,medium
161.84,160634,19,medium
161.95,160741,32,medium
162.05,160845,19,medium
162.15,160949,0,medium
162.26,161054,40,medium
162.37,161161,0,medium
162.47,161265,0,medium
162.57,161369,0,medium
162.68,161473,15,medium
162.78,161577,0,medium
162.91,161705,37,medium
163.01,161810,0,medium
163.12,161918,1,medium
163.23,162025,0,medium
163.33,162129,0,medium
163.44,162233,0,medium
163.55,162341,0,medium
163.65,162445,0,medium
163.75,162549,0,medium
163.86,162653,0,medium
163.96,162757,0,medium
164.09,162886,0,medium
164.20,162993,0,medium
164.30,163097,0,medium
164.41,163201,0,medium
164.51,163305,0,medium
164.61,163409,0,medium
164.72,163514,0,medium
164.83,163621,0,medium
164.93,163725,0,medium
165.03,163829,0,medium
165.14,163934,0,medium
165.27,164065,0,medium
165.37,164169,0,medium
165.48,164273,0,medium
165.58,164377,73,medium
165.69,164481,39,medium
165.79,164586,57,medium
165.90,164694,7,medium
166.01,164801,0,medium
166.11,164905,0,medium
166.21,165009,0,medium
166.32,165113,0,medium
166.45,165241,0,medium
166.55,165345,0,medium
166.65,165449,0,medium
166.76,165553,0,medium
166.86,165657,0,medium
166.97,165762,0,medium
167.07,165869,0,medium
167.18,165973,0,medium
167.28,166077,0,medium
167.39,166181,0,medium
167.49,166286,0,medium
167.62,166413,0,medium
167.72,166517,0,medium
167.83,166621,0,medium
167.93,166725,0,medium
168.03,166830,0,medium
168.14,166937,0,medium
168.25,167041,0,medium
168.35,167145,0,medium
168.45,167249,0,medium
168.56,167353,0,medium
168.66,167457,0,medium
168.77,167561,63,medium
168.89,167686,42,medium
169.00,167793,0,medium
169.10,167897,0,medium
169.21,168006,72,medium
169.32,168113,77,medium
169.42,168217,0,medium
169.53,168321,0,medium
169.63,168425,0,medium
169.73,168529,0,medium
169.84,168633,0,medium
169.95,168746,0,medium
170.07,168861,0,medium
170.17,168965,0,medium
170.28,169073,0,medium
170.38,169177,0,medium
170.49,169281,0,medium
170.59,169385,0,medium
170.69,169489,0,medium
170.80,169593,0,medium
170.90,169698,0,medium
171.01,169805,0,medium
171.11,169909,0,medium
171.24,170033,0,medium
171.34,170137,0,medium
171.45,170241,0,medium
171.55,170346,0,medium
171.66,170453,0,medium
171.76,170558,0,medium
171.87,170665,0,medium
171.97,170769,0,medium
172.08,170873,0,medium
172.18,170977,0,medium
172.29,171081,0,medium
172.41,171205,0,medium
172.51,171309,0,medium
172.62,171413,0,medium
172.72,171517,0,medium
172.83,171621,0,medium
172.93,171725,0,medium
173.03,171829,0,medium
173.14,171933,0,medium
173.24,172037,0,medium
173.35,172142,0,medium
173.45,172249,0,medium
173.58,172373,0,medium
173.68,172477,0,medium
173.79,172582,0,medium
173.89,172689,0,medium
174.00,172793,0,medium
174.10,172897,24,medium
174.21,173001,0,medium
174.31,173105,0,medium
174.41,173209,0,quiet
174.52,173313,0,quiet
174.62,173417,4,quiet
174.75,173545,0,quiet
174.85,173649,0,quiet
174.96,173753,0,quiet
175.06,173857,0,quiet
175.17,173961,0,quiet
175.27,174065,0,quiet
175.37,174169,0,quiet
175.48,174273,0,quiet
175.58,174378,0,quiet
175.69,174486,0,quiet
175.80,174593,0,quiet
175.90,174697,0,quiet
176.03,174821,0,quiet
176.13,174926,0,quiet
176.24,175033,0,quiet
176.34,175137,0,quiet
176.45,175241,0,quiet
176.55,175345,0,quiet
176.65,175449,0,quiet
176.76,175555,0,quiet
176.87,175662,0,quiet
176.97,175769,0,quiet
177.08,175873,0,quiet
177.31,176109,0,quiet
177.42,176213,0,quiet
177.53,176321,0,quiet
177.63,176425,60,quiet
177.73,176529,92,quiet
177.84,176633,127,quiet
177.94,176737,87,quiet
178.05,176841,94,quiet
178.15,176945,60,quiet
178.25,177049,31,quiet
178.36,177153,0,quiet
178.46,177257,4,quiet
178.59,177381,0,quiet
178.69,177485,0,quiet
178.79,177589,0,quiet
178.90,177693,21,quiet
179.00,177797,0,quiet
179.11,177902,0,quiet
179.21,178010,0,quiet
179.32,178117,11,quiet
179.43,178221,56,quiet
179.53,178325,0,quiet
179.63,178429,0,quiet
179.76,178557,0,quiet
179.87,178661,0,quiet
179.97,178765,0,quiet
180.07,178869,0,quiet
180.18,178974,0,loud
180.29,179081,0,loud
180.39,179185,0,loud
180.49,179290,0,loud
180.60,179397,0,loud
180.71,179501,0,loud
180.81,179606,0,loud
180.92,179713,26,loud
181.04,179837,0,loud
181.15,179941,117,loud
181.25,180045,69,loud
181.35,180149,149,loud
181.46,180253,121,loud
181.56,180358,75,loud
181.67,180465,0,loud
181.77,180569,144,loud
181.88,180674,93,loud
181.99,180781,9,loud
182.09,180885,136,loud
182.19,180989,44,loud
182.32,181113,63,loud
182.42,181218,160,loud
182.53,181325,142,loud
182.63,181429,151,loud
182.74,181533,82,loud
182.84,181637,98,loud
182.95,181741,0,loud
183.05,181849,0,loud
183.16,181953,0,loud
183.26,182057,0,loud
183.37,182161,0,loud
183.49,182289,0,loud
183.60,182394,0,loud
183.71,182501,0,loud
183.81,182605,121,loud
183.91,182709,168,loud
184.02,182813,67,loud
184.12,182917,9,loud
184.23,183021,165,loud
184.33,183126,45,loud
184.44,183233,129,loud
184.54,183337,106,loud
184.65,183441,150,loud
184.77,183566,28,loud
184.88,183673,21,loud
184.98,183777,142,loud
185.09,183881,110,loud
185.19,183985,52,loud
185.29,184089,56,loud
185.40,184195,141,loud
185.51,184302,107,loud
185.61,184409,37,loud
185.72,184513,1,loud
185.82,184617,85,loud
185.95,184746,46,loud
186.06,184853,24,loud
186.16,184958,0,loud
186.27,185065,0,loud
186.37,185169,0,loud
186.48,185274,0,loud
186.59,185381,0,loud
186.69,185485,0,loud
186.79,185589,0,loud
186.90,185693,0,loud
187.00,185797,0,loud
187.11,185901,65,loud
187.23,186026,11,loud
187.34,186133,98,loud
187.44,186237,86,loud
187.55,186341,13,loud
187.65,186445,46,loud
187.75,186549,13,loud
187.86,186653,78,loud
187.96,186757,119,loud
188.07,186861,128,loud
188.17,186965,137,loud
188.27,187069,81,loud
188.38,187173,0,loud
188.50,187297,0,loud
188.61,187401,0,loud
188.71,187505,125,loud
188.81,187610,49,loud
188.92,187717,119,loud
189.03,187821,88,loud
189.13,187925,140,loud
189.23,188029,137,loud
189.34,188134,168,loud
189.45,188241,125,loud
189.55,188345,69,loud
189.68,188473,35,loud
189.78,188577,0,loud
189.89,188681,0,loud
189.99,188785,0,loud
190.09,188889,0,loud
190.20,188993,147,loud
190.30,189098,96,loud
190.41,189205,7,loud
190.51,189309,49,loud
190.62,189413,99,loud
190.72,189518,103,loud
190.83,189625,134,loud
190.96,189753,28,loud
191.06,189857,47,loud
191.17,189962,144,loud
191.27,190069,65,loud
191.38,190173,103,loud
191.48,190277,101,loud
191.59,190381,139,loud
191.69,190485,100,loud
191.79,190589,83,loud
191.90,190693,0,loud
192.00,190797,0,loud
192.11,190901,0,loud
192.23,191025,0,loud
192.33,191130,0,loud
192.44,191237,0,loud
192.55,191341,0,loud
192.65,191445,123,loud
192.75,191549,126,loud
192.86,191653,59,loud
192.97,191762,7,loud
193.07,191869,151,loud
193.18,191977,73,loud
193.29,192081,119,loud
193.41,192210,21,loud
193.52,192317,94,loud
193.63,192421,117,loud
193.73,192525,81,loud
193.83,192629,54,loud
193.94,192733,1,loud
194.04,192838,35,loud
194.15,192945,115,loud
194.25,193049,78,loud
194.36,193153,122,loud
194.46,193257,0,loud
194.57,193361,85,loud
194.69,193489,119,loud
194.80,193593,65,loud
194.90,193698,7,loud
195.01,193805,0,loud
195.11,193909,0,loud
195.22,194013,0,loud
195.32,194117,15,loud
195.43,194221,102,loud
195.53,194325,86,loud
195.63,194429,35,loud
195.74,194533,74,loud
195.84,194637,97,loud
195.97,194762,64,loud
196.07,194869,0,loud
196.18,194973,0,loud
196.28,195077,107,loud
196.39,195182,103,loud
196.49,195289,0,loud
196.60,195393,147,loud
196.70,195497,61,loud
196.81,195602,41,loud
196.91,195709,37,loud
197.02,195818,0,loud
197.25,196045,0,loud
197.35,196149,0,loud
197.46,196253,21,loud
197.56,196358,152,loud
197.67,196465,67,loud
197.77,196569,127,loud
197.88,196674,43,loud
197.99,196781,0,loud
198.09,196885,0,loud
198.19,196989,0,loud
198.30,197093,97,loud
198.40,197197,111,loud
198.53,197325,105,loud
198.63,197429,88,loud
198.74,197534,113,loud
198.85,197642,119,loud
198.95,197749,32,loud
199.06,197853,0,loud
199.16,197957,0,loud
199.27,198061,0,loud
199.37,198165,135,loud
199.47,198269,35,loud
199.58,198373,73,loud
199.68,198477,58,loud
199.81,198601,42,loud
199.91,198705,128,loud
200.02,198813,97,loud
200.12,198917,0,loud
200.23,199021,0,loud
200.33,199125,0,loud
200.43,199229,0,loud
200.54,199337,0,loud
200.65,199441,78,loud
200.75,199545,40,loud
200.85,199649,130,loud
200.97,199761,51,loud
201.08,199878,42,loud
201.19,199985,139,loud
201.29,200089,0,loud
201.40,200193,150,loud
201.50,200297,112,loud
201.61,200405,57,loud
201.71,200510,1,loud
201.82,200617,0,loud
201.93,200721,0,loud
202.03,200825,0,loud
202.13,200929,84,loud
202.26,201057,105,loud
202.37,201161,36,loud
202.47,201265,0,loud
202.57,201369,106,loud
202.68,201473,104,loud
202.79,201582,0,loud
202.89,201689,0,loud
203.00,201794,0,loud
203.11,201901,0,loud
203.21,202005,0,loud
203.31,202109,0,loud
203.42,202213,0,loud
203.54,202338,0,loud
203.65,202445,0,loud
203.75,202549,145,loud
203.86,202653,123,loud
203.96,202758,107,loud
204.07,202865,37,loud
204.17,202969,42,loud
204.28,203073,115,loud
204.38,203177,92,loud
204.49,203281,36,loud
204.59,203385,0,loud
204.69,203490,4,loud
204.82,203617,139,loud
204.93,203721,58,loud
205.03,203825,71,loud
205.13,203930,112,loud
205.24,204037,103,loud
205.35,204141,140,loud
205.45,204245,24,loud
205.55,204349,0,loud
205.66,204453,121,loud
205.76,204558,71,loud
205.87,204665,9,loud
206.00,204793,0,loud
206.10,204897,0,loud
206.21,205001,0,loud
206.31,205105,0,loud
206.41,205209,0,loud
206.52,205314,0,loud
206.63,205421,0,loud
206.73,205525,49,loud
206.83,205629,33,loud
206.94,205733,137,loud
207.04,205837,142,loud
207.15,205941,55,loud
207.27,206069,137,loud
207.38,206173,97,loud
207.48,206278,47,loud
207.59,206385,92,loud
207.69,206489,104,loud
207.80,206593,135,loud
207.90,206697,36,loud
208.01,206802,69,loud
208.11,206909,114,loud
208.22,207013,36,loud
208.32,207117,86,loud
208.43,207221,93,loud
208.55,207350,87,loud
208.66,207457,44,loud
208.77,207561,11,loud
208.87,207665,85,loud
208.97,207769,120,loud
209.08,207873,59,loud
209.18,207978,1,loud
209.29,208085,0,loud
209.39,208189,33,loud
209.50,208294,124,loud
209.61,208401,49,loud
209.73,208529,105,loud
209.84,208633,95,loud
209.94,208737,57,loud
210.05,208841,39,loud
210.15,208945,0,loud
210.25,209049,0,loud
210.36,209153,0,loud
210.46,209257,0,loud
210.57,209361,0,loud
210.67,209465,0,loud
210.77,209569,0,loud
210.88,209673,0,loud
211.01,209801,0,loud
211.11,209905,0,loud
211.21,210009,0,loud
211.32,210114,0,loud
211.43,210221,120,loud
211.53,210325,9,loud
211.63,210429,147,loud
211.74,210533,51,loud
211.84,210637,155,loud
211.95,210741,128,loud
212.05,210845,123,loud
212.15,210949,121,loud
212.28,211074,24,loud
212.39,211181,0,loud
212.49,211285,0,loud
212.59,211389,24,loud
212.70,211493,60,loud
212.80,211597,151,loud
212.91,211701,43,loud
213.01,211805,97,loud
213.11,211909,126,loud
213.22,212013,9,loud
213.32,212117,0,loud
213.45,212245,0,loud
213.55,212349,0,loud
213.66,212453,94,loud
213.77,212561,106,loud
213.87,212665,97,loud
213.97,212769,117,loud
214.08,212873,11,loud
214.18,212977,127,loud
214.29,213081,115,loud
214.39,213186,21,loud
214.50,213293,0,loud
214.60,213397,0,loud
214.73,213525,59,loud
214.83,213629,86,loud
214.94,213733,142,loud
215.04,213837,115,loud
215.15,213941,143,loud
215.25,214046,39,loud
215.36,214153,132,loud
215.46,214257,127,loud
215.57,214362,43,loud
215.67,214469,0,loud
215.78,214573,0,loud
215.88,214677,0,loud
216.01,214801,0,loud
216.11,214905,0,loud
216.21,215010,0,loud
216.32,215117,4,loud
216.43,215221,106,loud
216.53,215325,43,loud
216.63,215429,98,loud
216.74,215534,103,loud
216.85,215641,127,loud
216.95,215745,106,loud
217.05,215849,135,loud
217.29,216086,0,loud
217.40,216193,0,loud
217.50,216297,119,loud
217.61,216401,7,loud
217.71,216505,114,loud
217.81,216609,80,loud
217.92,216714,126,loud
218.03,216821,80,loud
218.13,216926,149,loud
218.24,217033,69,loud
218.34,217137,7,loud
218.45,217241,0,loud
218.57,217365,0,loud
218.67,217469,0,loud
218.78,217573,0,loud
218.88,217677,0,loud
218.99,217781,0,loud
219.09,217885,0,loud
219.19,217989,0,loud
219.30,218093,0,loud
219.40,218197,0,loud
219.51,218301,0,loud
219.61,218406,0,loud
219.72,218513,0,loud
219.84,218637,112,loud
219.95,218741,95,loud
220.05,218845,153,loud
220.15,218950,90,loud
220.26,219057,61,loud
220.37,219161,88,loud
220.47,219265,114,loud
220.57,219369,113,loud
220.68,219473,117,loud
220.79,219581,141,loud
220.89,219685,149,loud
221.02,219814,80,loud
221.13,219921,36,loud
221.23,220026,85,loud
221.34,220133,63,loud
221.44,220237,144,loud
221.55,220341,103,loud
221.65,220445,15,loud
221.75,220549,0,loud
221.86,220653,0,loud
221.96,220757,127,loud
222.07,220861,133,loud
222.17,220966,101,loud
222.30,221093,64,loud
222.40,221197,149,loud
222.51,221301,125,loud
222.61,221405,41,loud
222.71,221509,15,loud
222.82,221613,159,loud
222.92,221718,86,loud
223.03,221826,21,loud
223.14,221933,0,loud
223.24,222037,0,loud
223.35,222141,11,loud
223.46,222253,0,loud
223.57,222369,43,loud
223.68,222473,26,loud
223.78,222577,124,loud
223.89,222681,124,loud
223.99,222786,17,loud
224.10,222893,0,loud
224.20,222997,19,loud
224.31,223101,0,loud
224.41,223205,92,loud
224.51,223309,0,loud
224.62,223413,19,loud
224.75,223542,137,loud
224.85,223650,46,loud
224.96,223757,88,loud
225.07,223861,9,loud
225.17,223965,0,loud
225.27,224069,44,loud
225.38,224174,85,loud
225.49,224281,104,loud
225.59,224385,90,loud
225.69,224489,66,loud
225.80,224593,0,loud
225.90,224697,0,loud
226.03,224825,0,loud
226.13,224929,0,loud
226.24,225033,0,loud
226.34,225137,0,loud
226.45,225246,0,loud
226.56,225353,0,loud
226.66,225457,0,loud
226.77,225561,0,loud
226.87,225665,72,loud
226.97,225770,146,loud
227.08,225877,124,loud
227.19,225981,135,loud
227.31,226105,114,loud
227.41,226209,85,loud
227.52,226313,105,loud
227.62,226417,43,loud
227.73,226521,0,loud
227.83,226626,140,loud
227.94,226733,105,loud
228.04,226837,105,loud
228.15,226941,71,loud
228.25,227046,0,loud
228.36,227153,0,loud
228.49,227282,0,loud
228.59,227389,0,loud
228.70,227493,0,loud
228.80,227597,0,loud
228.91,227701,0,loud
229.01,227805,0,loud
229.11,227909,0,loud
229.22,228013,64,loud
229.32,228117,99,loud
229.43,228222,26,loud
229.53,228329,63,loud
229.64,228433,52,loud
229.77,228561,126,loud
229.87,228666,135,loud
229.98,228773,124,loud
230.08,228877,127,loud
230.19,228981,0,loud
230.29,229085,4,loud
230.39,229189,4,loud
230.50,229293,0,loud
230.60,229397,0,loud
230.71,229501,0,loud
230.81,229606,164,loud
230.92,229713,160,loud
231.04,229837,68,loud
231.15,229941,80,loud
231.25,230045,142,loud
231.35,230149,126,loud
231.46,230253,101,loud
231.56,230357,48,loud
231.67,230462,23,loud
231.77,230569,120,loud
231.88,230673,69,loud
231.98,230777,0,loud
232.09,230881,75,loud
232.21,231009,159,loud
232.32,231113,66,loud
232.42,231217,100,loud
232.53,231321,118,loud
232.63,231425,9,loud
232.73,231531,36,loud
232.84,231637,7,loud
232.95,231741,57,loud
233.05,231845,36,loud
233.15,231949,0,loud
233.26,232053,0,loud
233.36,232158,0,loud
233.49,232285,0,loud
233.59,232389,0,loud
233.70,232493,0,loud
233.80,232597,0,loud
233.91,232701,151,loud
234.01,232805,40,loud
234.11,232909,164,loud
234.22,233013,53,loud
234.32,233117,51,loud
234.43,233221,173,loud
234.53,233329,147,loud
234.64,233433,89,loud
234.76,233557,72,loud
234.87,233661,61,loud
234.97,233765,36,loud
235.08,233873,157,loud
235.18,233977,46,loud
235.29,234081,99,loud
235.39,234185,134,loud
235.49,234289,36,loud
235.60,234393,7,loud
235.70,234498,0,loud
235.81,234605,0,loud
235.92,234717,0,loud
236.04,234833,37,loud
236.14,234937,125,loud
236.25,235045,77,loud
236.35,235149,85,loud
236.46,235253,151,loud
236.56,235358,88,loud
236.67,235465,84,loud
236.77,235569,60,loud
236.88,235673,169,loud
236.98,235777,121,loud
237.09,235881,51,loud
237.31,236109,0,loud
237.42,236213,84,loud
237.52,236317,84,loud
237.63,236421,0,loud
237.73,236525,0,loud
237.83,236629,127,loud
237.94,236733,108,loud
238.04,236838,0,loud
238.15,236945,0,loud
238.25,237049,0,loud
238.36,237153,0,loud
238.46,237257,0,loud
238.59,237383,0,loud
238.69,237489,0,loud
238.80,237593,0,loud
238.90,237697,0,loud
239.01,237801,0,loud
239.11,237905,146,loud
239.22,238013,129,loud
239.32,238117,19,loud
239.43,238221,0,loud
239.53,238325,0,loud
239.63,238429,0,loud
239.74,238534,0,loud
239.87,238661,116,loud
239.97,238765,148,loud
240.07,238869,150,loud
240.18,238973,137,loud
240.29,239082,28,loud
240.39,239189,0,loud
240.50,239293,0,loud
240.60,239398,0,loud
240.71,239505,0,loud
240.81,239609,0,loud
240.92,239718,0,loud
241.03,239825,0,loud
241.15,239949,0,loud
241.26,240053,0,loud
241.36,240157,0,loud
241.47,240262,0,loud
241.57,240369,0,loud
241.68,240473,0,loud
241.78,240577,0,loud
241.89,240681,0,loud
241.99,240786,0,loud
242.10,240893,0,loud
242.20,240997,24,loud
242.31,241101,31,loud
242.43,241225,26,loud
242.53,241329,23,loud
242.64,241434,17,loud
242.75,241541,17,loud
242.85,241645,42,loud
242.95,241749,24,loud
243.06,241853,4,loud
243.17,241962,59,loud
243.27,242069,15,loud
243.38,242173,7,loud
243.48,242278,0,loud
243.60,242393,0,loud
243.71,242509,11,loud
243.82,242613,0,loud
243.92,242717,0,loud
244.03,242821,118,loud
244.13,242925,41,loud
244.23,243029,39,loud
244.34,243134,33,loud
244.45,243241,90,loud
244.55,243345,78,loud
244.65,243449,33,loud
244.76,243553,65,loud
244.89,243681,0,loud
244.99,243785,0,loud
245.09,243889,150,loud
245.20,243993,32,loud
245.30,244098,100,loud
245.41,244205,150,loud
245.51,244309,85,loud
245.62,244413,41,loud
245.72,244517,130,loud
245.83,244621,109,loud
245.93,244725,72,loud
246.03,244830,7,loud
246.16,244953,0,loud
246.26,245058,0,loud
246.37,245165,0,loud
246.47,245269,149,loud
246.58,245378,135,loud
246.69,245485,32,loud
246.79,245589,83,loud
246.90,245693,49,loud
247.00,245797,23,loud
247.11,245906,0,loud
247.22,246014,7,loud
247.33,246121,145,loud
247.45,246245,155,loud
247.55,246349,19,loud
247.66,246458,147,loud
247.77,246565,147,loud
247.87,246669,105,loud
247.98,246773,91,loud
248.08,246877,56,loud
248.19,246981,133,loud
248.29,247089,145,loud
248.40,247193,122,loud
248.50,247297,148,loud
248.63,247421,111,loud
248.73,247525,146,loud
248.83,247629,126,loud
248.94,247733,124,loud
249.04,247837,121,loud
249.15,247941,136,loud
249.25,248045,142,loud
249.35,248149,123,loud
249.46,248253,65,loud
249.56,248357,138,loud
249.67,248461,112,loud
249.79,248585,35,loud
249.89,248689,122,loud
250.00,248798,7,loud
250.11,248905,121,loud
250.21,249009,121,loud
250.32,249113,41,loud
250.42,249217,0,loud
250.53,249321,0,loud
250.63,249425,0,loud
250.73,249529,0,loud
250.84,249633,0,loud
250.94,249737,0,loud
251.07,249861,0,loud
251.17,249966,0,loud
251.28,250073,0,loud
251.38,250177,0,loud
251.49,250281,0,loud
251.59,250385,0,loud
251.69,250489,152,loud
251.80,250597,92,loud
251.91,250701,139,loud
252.01,250805,39,loud
252.11,250910,164,loud
252.22,251017,87,loud
252.35,251141,81,loud
252.45,251245,69,loud
252.55,251349,0,loud
252.66,251453,23,loud
252.76,251557,66,loud
252.87,251661,151,loud
252.97,251765,41,loud
253.07,251869,154,loud
253.18,251973,111,loud
253.28,252077,151,loud
253.39,252181,146,loud
253.51,252306,97,loud
253.62,252413,0,loud
253.72,252517,0,loud
253.83,252621,0,loud
253.93,252725,0,loud
254.03,252830,0,loud
254.14,252938,77,loud
254.25,253045,83,loud
254.35,253149,37,loud
254.46,253253,61,loud
254.56,253357,111,loud
254.67,253466,119,loud
254.79,253589,115,loud
254.90,253693,0,loud
255.00,253797,154,loud
255.11,253901,67,loud
255.21,254009,95,loud
255.32,254113,142,loud
255.42,254217,92,loud
255.53,254321,11,loud
255.63,254425,0,loud
255.73,254529,0,loud
255.84,254634,0,loud
255.97,254761,0,loud
256.07,254865,0,loud
256.17,254969,0,loud
256.28,255074,0,loud
256.39,255181,0,loud
256.49,255285,0,loud
256.59,255389,0,loud
256.70,255493,149,loud
256.80,255597,152,loud
256.91,255701,106,loud
257.01,255806,136,loud
257.12,255913,71,loud
257.35,256149,67,loud
257.46,256254,112,loud
257.57,256361,0,loud
257.67,256465,31,loud
257.77,256569,151,loud
257.88,256673,90,loud
257.98,256777,99,loud
258.09,256881,146,loud
258.19,256986,52,loud
258.30,257093,0,loud
258.40,257197,0,loud
258.51,257301,155,loud
258.63,257426,123,loud
258.74,257534,0,loud
258.85,257641,0,loud
258.95,257745,0,loud
259.05,257849,0,loud
259.16,257953,0,loud
259.26,258057,0,loud
259.37,258161,0,loud
259.47,258265,0,loud
259.57,258369,0,loud
259.68,258473,0,loud
259.78,258577,0,loud
259.91,258701,0,loud
260.01,258805,0,loud
260.11,258909,0,loud
260.22,259013,0,loud
260.32,259117,0,loud
260.43,259221,0,loud
260.53,259329,0,loud
260.64,259433,0,loud
260.74,259537,0,loud
260.85,259641,0,loud
260.95,259745,0,loud
261.05,259850,0,loud
261.18,259973,19,loud
261.28,260077,0,loud
261.39,260181,0,loud
261.49,260285,0,loud
261.60,260394,52,loud
261.71,260501,177,loud
261.81,260605,55,loud
261.91,260710,172,loud
262.02,260817,166,loud
262.13,260921,180,loud
262.23,261026,108,loud
262.34,261133,23,loud
262.46,261257,0,loud
262.57,261361,0,loud
262.67,261465,91,loud
262.77,261569,125,loud
262.88,261673,52,loud
262.98,261777,56,loud
263.09,261881,121,loud
263.19,261985,141,loud
263.29,262089,90,loud
263.40,262193,11,loud
263.50,262297,0,loud
263.63,262425,0,loud
263.73,262529,124,loud
263.84,262637,142,loud
263.95,262741,126,loud
264.05,262845,31,loud
264.15,262949,52,loud
264.26,263053,153,loud
264.36,263157,48,loud
264.47,263261,138,loud
264.57,263365,26,loud
264.67,263469,96,loud
264.78,263573,151,loud
264.90,263697,55,loud
265.01,263802,111,loud
265.11,263909,124,loud
265.22,264013,17,loud
265.32,264117,0,loud
265.43,264221,0,loud
265.53,264325,0,loud
265.64,264433,0,loud
265.74,264537,104,loud
265.85,264642,127,loud
265.95,264749,160,loud
266.08,264878,142,loud
266.19,264985,88,loud
266.29,265089,132,loud
266.40,265193,105,loud
266.50,265297,126,loud
266.61,265401,37,loud
266.71,265506,88,loud
266.82,265613,95,loud
266.92,265717,100,loud
267.03,265821,117,loud
267.13,265925,78,loud
267.23,266029,0,loud
267.36,266153,0,loud
267.46,266257,0,loud
267.57,266361,0,loud
267.67,266465,0,loud
267.77,266569,0,loud
267.88,266673,0,loud
267.98,266777,0,loud
268.09,266881,0,loud
268.19,266985,0,loud
268.29,267089,0,loud
268.40,267193,0,loud
268.50,267297,0,loud
268.63,267421,0,loud
268.73,267525,0,loud
268.83,267629,0,loud
268.94,267733,0,loud
269.04,267837,0,loud
269.15,267941,0,loud
269.25,268045,0,loud
269.35,268149,0,loud
269.46,268253,0,loud
269.56,268357,0,loud
269.67,268465,0,loud
269.77,268569,0,loud
269.90,268693,0,loud
270.00,268797,0,loud
270.11,268901,0,loud
270.21,269010,0,loud
270.32,269117,0,loud
270.43,269221,0,loud
270.53,269325,0,loud
270.63,269429,0,loud
270.74,269533,21,loud
270.84,269638,159,loud
270.95,269745,0,loud
271.05,269850,165,loud
271.18,269973,77,loud
271.28,270077,161,loud
271.39,270181,21,loud
271.49,270285,132,loud
271.59,270389,96,loud
271.70,270494,29,loud
271.81,270601,145,loud
271.91,270705,39,loud
272.01,270810,165,loud
272.12,270917,50,loud
272.23,271021,68,loud
272.35,271149,170,loud
272.46,271254,42,loud
272.56,271358,17,loud
272.67,271465,98,loud
272.77,271569,116,loud
272.88,271673,148,loud
272.98,271777,120,loud
273.09,271881,107,loud
273.19,271985,108,loud
273.29,272089,0,loud
273.40,272193,11,loud
273.50,272297,0,loud
273.63,272421,0,loud
273.73,272525,9,loud
273.83,272630,120,loud
273.94,272737,118,loud
274.05,272841,70,loud
274.15,272945,69,loud
274.26,273053,137,loud
274.36,273158,132,loud
274.47,273265,32,loud
274.57,273369,136,loud
274.68,273474,91,loud
274.81,273605,35,loud
274.91,273709,139,loud
275.02,273813,97,loud
275.12,273917,102,loud
275.23,274021,56,loud
275.33,274125,31,loud
275.43,274229,131,loud
275.54,274333,109,loud
275.64,274437,72,loud
275.75,274541,41,loud
275.85,274645,0,loud
275.95,274749,0,loud
276.08,274873,0,loud
276.18,274977,0,loud
276.29,275081,0,loud
276.39,275185,0,loud
276.49,275289,0,loud
276.60,275393,0,loud
276.70,275497,0,loud
276.81,275601,0,loud
276.91,275705,50,loud
277.01,275809,152,loud
277.12,275913,101,loud
277.22,276017,153,loud
277.45,276249,111,loud
277.56,276354,145,loud
277.67,276461,111,loud
277.77,276565,90,loud
277.87,276669,129,loud
277.98,276773,137,loud
278.08,276877,95,loud
278.19,276981,57,loud
278.29,277085,111,loud
278.39,277190,36,loud
278.50,277297,122,loud
278.63,277425,71,loud
278.73,277529,21,loud
278.84,277633,0,loud
278.95,277742,0,loud
279.05,277849,0,loud
279.16,277953,0,loud
279.26,278057,0,loud
279.37,278161,0,loud
279.47,278265,0,loud
279.57,278370,0,loud
279.68,278477,158,loud
279.79,278581,93,loud
279.91,278709,0,loud
280.02,278814,0,loud
280.13,278921,0,loud
280.23,279025,0,loud
280.33,279129,0,loud
280.44,279233,121,loud
280.54,279338,61,loud
280.65,279446,0,loud
280.76,279553,146,loud
280.86,279657,112,loud
280.97,279761,133,loud
281.07,279865,42,loud
281.19,279989,111,loud
281.30,280093,114,loud
281.40,280197,146,loud
281.51,280301,119,loud
281.61,280405,133,loud
281.71,280509,105,loud
281.82,280614,115,loud
281.93,280721,31,loud
282.03,280825,53,loud
282.13,280929,128,loud
282.24,281033,148,loud
282.37,281162,104,loud
282.47,281269,50,loud
282.58,281373,0,loud
282.68,281477,0,loud
282.79,281581,120,loud
282.89,281685,67,loud
282.99,281789,146,loud
283.10,281893,96,loud
283.20,281997,107,loud
283.31,282101,111,loud
283.41,282205,150,loud
283.52,282318,144,loud
283.64,282433,28,loud
283.74,282537,0,loud
283.85,282641,0,loud
283.95,282745,0,loud
284.05,282849,111,loud
284.16,282954,104,loud
284.27,283062,36,loud
284.37,283169,104,loud
284.48,283273,111,loud
284.58,283377,122,loud
284.69,283482,66,loud
284.81,283605,0,loud
284.91,283709,0,loud
285.02,283813,0,loud
285.12,283917,0,loud
285.23,284021,0,loud
285.33,284125,0,loud
285.43,284229,0,loud
285.54,284333,134,loud
285.64,284437,21,loud
285.75,284541,131,loud
285.85,284646,47,loud
285.96,284753,152,loud
286.08,284877,125,loud
286.19,284981,102,loud
286.29,285085,26,loud
286.39,285191,0,loud
286.50,285297,0,loud
286.61,285401,0,loud
286.71,285505,129,loud
286.81,285609,127,loud
286.92,285713,136,loud
287.02,285818,116,loud
287.13,285925,19,loud
287.26,286054,21,loud
287.37,286161,0,loud
287.47,286265,0,loud
287.57,286369,0,loud
287.68,286473,0,loud
287.78,286577,140,loud
287.89,286681,72,loud
287.99,286785,119,loud
288.09,286889,100,loud
288.20,286994,123,loud
288.31,287101,63,loud
288.41,287206,35,loud
288.54,287333,133,loud
288.65,287441,35,loud
288.75,287549,0,loud
288.86,287653,0,loud
288.96,287757,0,loud
289.07,287861,0,loud
289.17,287965,0,loud
289.27,288070,0,loud
289.38,288177,0,loud
289.49,288281,0,loud
289.59,288385,0,loud
289.69,288489,0,loud
289.82,288613,0,loud
289.92,288717,0,loud
290.03,288821,0,loud
290.13,288926,0,loud
290.24,289033,0,loud
290.34,289137,0,loud
290.45,289242,49,loud
290.55,289349,108,loud
290.66,289453,121,loud
290.76,289557,106,loud
290.87,289661,43,loud
290.97,289765,0,loud
291.09,289890,134,loud
291.20,289997,132,loud
291.31,290101,139,loud
291.41,290205,47,loud
291.51,290310,13,loud
291.62,290417,100,loud
291.73,290521,78,loud
291.83,290625,0,loud
291.93,290729,0,loud
292.04,290833,0,loud
292.14,290937,97,loud
292.27,291065,57,loud
292.37,291169,124,loud
292.48,291273,93,loud
292.58,291377,110,loud
292.69,291481,142,loud
292.79,291585,45,loud
292.89,291689,0,loud
293.00,291793,0,loud
293.10,291897,0,loud
293.21,292001,0,loud
293.31,292106,0,loud
293.42,292213,0,loud
293.55,292341,0,loud
293.65,292445,0,loud
293.75,292550,119,loud
293.86,292657,116,loud
293.97,292761,41,loud
294.07,292866,158,loud
294.18,292973,108,loud
294.28,293077,91,loud
294.39,293181,128,loud
294.49,293285,118,loud
294.59,293390,112,loud
294.70,293497,136,loud
294.83,293621,145,loud
294.93,293726,103,loud
295.04,293834,67,loud
295.15,293941,140,loud
295.25,294045,125,loud
295.35,294149,78,loud
295.46,294253,122,loud
295.56,294357,63,loud
295.67,294461,127,loud
295.77,294565,115,loud
295.87,294669,67,loud
296.00,294793,134,loud
296.11,294901,93,loud
296.21,295005,41,loud
296.31,295109,80,loud
296.42,295213,0,loud
296.52,295317,114,loud
296.63,295421,62,loud
296.73,295525,7,loud
296.83,295629,0,loud
296.94,295734,0,loud
297.05,295841,0,loud
297.15,295945,0,loud
297.39,296185,0,loud
297.49,296289,0,loud
297.60,296393,0,loud
297.70,296497,0,loud
297.81,296601,15,loud
297.91,296705,43,loud
298.01,296809,152,loud
298.12,296913,112,loud
298.22,297017,132,loud
298.33,297121,126,loud
298.43,297225,49,loud
298.56,297353,0,loud
298.66,297457,0,loud
298.77,297561,64,loud
298.87,297666,119,loud
298.98,297774,17,loud
299.09,297881,144,loud
299.19,297985,97,loud
299.29,298089,84,loud
299.40,298193,76,loud
299.50,298297,4,loud
299.61,298401,0,loud
299.71,298505,0,loud
299.83,298629,0,loud
299.94,298733,0,loud
300.04,298837,0,loud
300.15,298941,0,loud
300.25,299045,0,loud
300.35,299149,60,loud
300.46,299253,42,loud
300.56,299357,9,loud
300.67,299461,119,loud
300.77,299569,65,loud
300.88,299673,130,loud
300.98,299778,60,loud
301.11,299901,0,loud
301.21,300005,24,loud
301.32,300114,72,loud
301.43,300221,11,loud
301.53,300325,77,loud
301.63,300429,21,loud
301.74,300533,0,loud
301.84,300637,0,loud
301.95,300742,0,loud
302.05,300849,0,loud
302.16,300953,0,loud
302.26,301057,0,loud
302.39,301181,0,loud
302.49,301286,0,loud
302.60,301393,0,loud
302.70,301497,0,loud
302.81,301601,0,loud
302.91,301705,0,loud
303.01,301809,0,loud
303.12,301914,0,loud
303.23,302021,0,loud
303.33,302125,0,loud
303.43,302229,0,loud
303.54,302333,105,loud
303.66,302457,28,loud
303.77,302562,64,loud
303.87,302670,105,loud
303.98,302777,162,loud
304.09,302881,125,loud
304.19,302990,158,loud
304.30,303097,100,loud
304.41,303201,15,loud
304.51,303305,0,loud
304.61,303409,0,loud
304.72,303513,0,loud
304.83,303626,64,loud
304.95,303741,114,loud
305.05,303845,21,loud
305.15,303949,110,loud
305.26,304053,91,loud
305.36,304157,0,loud
305.47,304261,0,loud
305.57,304365,0,loud
305.67,304469,0,loud
305.78,304573,0,loud
305.88,304677,0,loud
305.99,304781,56,loud
306.11,304909,115,loud
306.22,305013,114,loud
306.32,305117,138,loud
306.43,305221,91,loud
306.53,305325,124,loud
306.63,305430,63,loud
306.74,305533,40,loud
306.84,305638,26,loud
306.95,305745,0,loud
307.05,305849,0,loud
307.16,305954,0,loud
307.27,306061,0,loud
307.39,306189,0,loud
307.50,306293,0,loud
307.60,306397,0,loud
307.71,306503,0,loud
307.81,306609,0,loud
307.92,306713,0,loud
308.02,306817,0,loud
308.13,306921,0,loud
308.23,307025,0,loud
308.34,307134,0,loud
308.45,307241,0,loud
308.55,307345,0,loud
308.68,307473,15,loud
308.78,307577,67,loud
308.89,307682,132,loud
308.99,307789,99,loud
309.10,307893,158,loud
309.20,307997,148,loud
309.31,308101,142,loud
309.41,308210,116,loud
309.52,308317,111,loud
309.63,308421,138,loud
309.73,308525,41,loud
309.86,308653,0,loud
309.96,308758,133,loud
310.07,308865,105,loud
310.17,308969,4,loud
310.28,309073,0,loud
310.38,309177,0,loud
310.49,309281,0,loud
310.59,309386,0,loud
310.70,309493,0,loud
310.80,309597,0,loud
310.91,309701,0,loud
311.01,309805,0,loud
311.14,309933,0,loud
311.24,310037,0,loud
311.35,310142,0,loud
311.45,310249,0,loud
311.56,310353,0,loud
311.66,310457,0,loud
311.77,310562,0,loud
311.87,310669,0,loud
311.98,310773,0,loud
312.08,310877,0,loud
312.19,310981,0,loud
312.29,311085,0,loud
312.39,311189,0,loud
312.52,311313,0,loud
312.62,311417,0,loud
312.73,311521,0,loud
312.83,311625,0,loud
312.93,311730,122,loud
313.04,311837,59,loud
313.15,311941,127,loud
313.25,312045,92,loud
313.35,312150,1,loud
313.46,312257,0,loud
313.57,312361,0,loud
313.67,312465,99,loud
313.79,312589,93,loud
313.90,312693,95,loud
314.00,312798,45,loud
314.11,312905,114,loud
314.21,313009,51,loud
314.32,313113,78,loud
314.42,313217,127,loud
314.53,313322,53,loud
314.63,313430,129,loud
314.74,313537,139,loud
314.85,313641,54,loud
314.97,313765,1,loud
315.07,313869,0,loud
315.18,313974,0,loud
315.29,314082,0,loud
315.39,314189,110,loud
315.50,314293,81,loud
315.60,314397,105,loud
315.71,314502,131,loud
315.81,314609,67,loud
315.92,314713,85,loud
316.02,314817,96,loud
316.13,314921,49,loud
316.25,315045,119,loud
316.35,315149,96,loud
316.46,315253,36,loud
316.56,315357,128,loud
316.67,315461,50,loud
316.77,315565,46,loud
316.87,315669,45,loud
316.98,315773,0,loud
317.08,315877,68,loud
317.19,315981,124,loud
317.29,316085,57,loud
317.52,316313,0,loud
317.62,316417,0,loud
317.73,316521,0,loud
317.83,316625,0,loud
317.93,316729,0,loud
318.04,316833,0,loud
318.14,316938,0,loud
318.25,317045,0,loud
318.35,317150,0,loud
318.46,317257,0,loud
318.57,317361,0,loud
318.67,317466,0,loud
318.80,317593,0,loud
318.90,317697,0,loud
319.01,317801,0,loud
319.11,317905,0,loud
319.21,318009,0,loud
319.32,318114,122,loud
319.43,318221,107,loud
319.53,318325,128,loud
319.63,318429,98,loud
319.74,318534,9,loud
319.85,318641,125,loud
319.95,318745,79,loud
320.08,318873,121,loud
320.18,318977,140,loud
320.29,319085,107,loud
320.40,319193,140,loud
320.50,319297,56,loud
320.61,319401,165,loud
320.71,319505,137,loud
320.82,319609,147,loud
320.92,319717,133,loud
321.03,319821,70,loud
321.13,319925,28,loud
321.26,320053,0,loud
321.36,320157,88,loud
321.47,320261,55,loud
321.57,320365,120,loud
321.67,320469,0,loud
321.78,320573,23,loud
321.88,320677,147,loud
321.99,320781,148,loud
322.09,320885,15,loud
322.19,320989,82,loud
322.30,321093,52,loud
322.40,321197,0,loud
322.53,321321,92,loud
322.63,321425,94,loud
322.74,321533,0,loud
322.84,321637,0,loud
322.95,321741,0,loud
323.05,321845,0,loud
323.15,321949,0,loud
323.26,322054,0,loud
323.37,322161,0,loud
323.47,322265,128,loud
323.57,322369,71,loud
323.68,322473,49,loud
323.80,322597,132,loud
323.91,322701,13,loud
324.01,322805,11,loud
324.11,322910,83,loud
324.22,323017,126,loud
324.33,323121,132,loud
324.43,323226,148,loud
324.54,323333,49,loud
324.64,323437,0,loud
324.75,323541,144,loud
324.85,323645,102,loud
324.98,323774,45,loud
325.09,323881,13,loud
325.19,323985,0,loud
325.29,324089,0,loud
325.40,324193,0,loud
325.50,324297,0,loud
325.61,324401,0,loud
325.71,324505,96,loud
325.81,324609,146,loud
325.92,324713,123,loud
326.02,324817,129,loud
326.13,324921,135,loud
326.25,325049,145,loud
326.36,325153,113,loud
326.46,325257,76,loud
326.57,325361,115,loud
326.67,325470,140,loud
326.78,325577,111,loud
326.89,325681,89,loud
326.99,325785,83,loud
327.09,325890,117,loud
327.20,325998,41,loud
327.31,326105,0,loud
327.44,326233,0,loud
327.54,326337,0,loud
327.65,326441,0,loud
327.75,326545,0,loud
327.85,326649,0,loud
327.96,326754,0,loud
328.07,326862,0,loud
328.17,326969,0,loud
328.28,327073,0,loud
328.38,327177,0,loud
328.49,327281,88,loud
328.59,327385,90,loud
328.69,327489,85,loud
328.82,327613,94,loud
328.92,327717,144,loud
329.03,327821,66,loud
329.13,327925,150,loud
329.23,328029,83,loud
329.34,328133,173,loud
329.44,328237,50,loud
329.55,328341,113,loud
329.65,328445,15,loud
329.75,328549,125,loud
329.86,328653,40,loud
329.98,328777,112,loud
330.09,328881,71,loud
330.19,328985,137,loud
330.29,329089,127,loud
330.40,329193,0,loud
330.50,329297,0,loud
330.61,329401,0,loud
330.71,329505,0,loud
330.81,329609,88,loud
330.92,329713,116,loud
331.02,329817,41,loud
331.13,329921,26,loud
331.25,330050,79,loud
331.36,330157,4,loud
331.47,330261,127,loud
331.57,330365,139,loud
331.67,330469,115,loud
331.78,330573,73,loud
331.88,330678,113,loud
331.99,330786,0,loud
332.10,330893,145,loud
332.20,330997,90,loud
332.31,331101,69,loud
332.43,331230,56,loud
332.54,331337,73,loud
332.65,331441,72,loud
332.75,331545,130,loud
332.85,331649,149,loud
332.96,331754,23,loud
333.07,331862,0,loud
333.17,331969,0,loud
333.28,332073,0,loud
333.38,332177,0,loud
333.49,332281,0,loud
333.59,332385,0,loud
333.71,332509,0,loud
333.82,332613,154,loud
333.92,332717,47,loud
334.03,332821,146,loud
334.13,332925,66,loud
334.23,333030,197,loud
334.34,333137,86,loud
334.45,333241,122,loud
334.55,333345,70,loud
334.65,333449,0,loud
334.76,333553,0,loud
334.87,333666,146,loud
334.99,333781,198,loud
335.09,333885,189,loud
335.19,333989,129,loud
335.30,334098,37,loud
335.41,334205,0,loud
335.51,334309,0,loud
335.62,334413,0,loud
335.72,334517,157,loud
335.83,334621,125,loud
335.93,334727,75,loud
336.04,334833,7,loud
336.16,334957,139,loud
336.27,335061,108,loud
336.37,335165,4,loud
336.48,335274,0,loud
336.59,335381,0,loud
336.69,335485,78,loud
336.79,335590,151,loud
336.90,335697,7,loud
337.01,335801,100,loud
337.11,335905,104,loud
337.21,336009,23,loud
337.32,336113,11,loud
337.56,336354,0,loud
337.67,336461,0,loud
337.77,336565,0,loud
337.87,336669,0,loud
337.98,336773,0,loud
338.08,336877,0,loud
338.19,336981,0,loud
338.29,337085,0,loud
338.39,337189,0,loud
338.50,337293,0,loud
338.60,337397,0,loud
338.71,337501,0,loud
338.83,337629,0,loud
338.94,337733,0,loud
339.04,337837,0,loud
339.15,337941,0,quiet
339.25,338046,0,quiet
339.36,338154,0,quiet
339.47,338261,0,quiet
339.57,338365,0,quiet
339.67,338470,0,quiet
339.78,338577,45,quiet
339.89,338681,48,quiet
340.00,338793,0,quiet
340.11,338909,0,quiet
340.22,339013,0,quiet
340.32,339117,0,quiet
340.43,339221,15,quiet
340.53,339326,0,quiet
340.64,339433,0,quiet
340.74,339537,31,quiet
340.85,339641,17,quiet
340.95,339745,0,quiet
341.05,339849,17,quiet
341.16,339954,0,quiet
341.28,340077,0,quiet
341.39,340181,0,quiet
341.49,340285,0,quiet
341.59,340389,0,quiet
341.70,340494,0,quiet
341.81,340601,0,quiet
341.91,340705,0,quiet
342.01,340809,0,quiet
342.12,340913,0,quiet
342.22,341017,0,quiet
342.33,341126,0,quiet
342.44,341233,0,quiet
342.56,341357,0,quiet
342.67,341461,0,quiet
342.77,341565,0,quiet
342.87,341670,0,quiet
342.98,341777,0,quiet
343.09,341881,0,quiet
343.19,341985,0,quiet
343.29,342089,0,quiet
343.40,342193,0,quiet
343.50,342298,0,quiet
343.61,342405,0,quiet
343.74,342533,0,quiet
343.84,342637,0,quiet
343.95,342741,0,quiet
344.05,342846,0,quiet
344.16,342953,0,quiet
344.26,343057,0,quiet
344.37,343161,0,quiet
344.47,343265,0,quiet
344.57,343370,0,quiet
344.68,343477,0,quiet
344.79,343581,0,quiet
344.89,343685,0,quiet
345.01,343809,0,quiet
345.12,343914,0,quiet
345.23,344021,0,quiet
345.33,344125,0,quiet
345.43,344230,0,quiet
345.54,344337,0,quiet
345.65,344441,0,quiet
345.75,344546,0,quiet
345.86,344653,0,quiet
345.96,344757,29,quiet
346.07,344861,11,quiet
346.19,344989,0,quiet
346.30,345094,7,quiet
346.41,345201,0,quiet
346.51,345305,0,quiet
346.61,345409,0,quiet
346.72,345513,0,quiet
346.82,345617,0,quiet
346.93,345721,0,quiet
347.03,345825,0,quiet
347.13,345929,0,quiet
347.24,346033,0,quiet
347.34,346137,0,quiet
347.47,346262,0,quiet
347.57,346369,0,quiet
347.68,346473,0,quiet
347.78,346577,0,quiet
347.89,346681,0,quiet
347.99,346786,0,quiet
348.10,346893,0,quiet
348.20,346997,0,quiet
348.31,347102,0,quiet
348.41,347209,0,quiet
348.52,347313,0,quiet
348.62,347417,0,quiet
348.75,347541,0,quiet
348.85,347645,0,quiet
348.95,347749,0,quiet
349.06,347853,0,quiet
349.16,347957,0,quiet
349.27,348061,0,quiet
349.37,348165,0,quiet
349.47,348269,0,quiet
349.58,348373,0,quiet
349.68,348477,0,quiet
349.79,348582,0,quiet
349.91,348709,0,quiet
350.02,348813,0,quiet
350.12,348917,0,quiet
350.23,349021,0,quiet
350.33,349127,0,quiet
350.44,349233,0,quiet
350.54,349337,0,quiet
350.65,349441,0,quiet
350.75,349545,0,quiet
350.85,349649,0,quiet
350.96,349754,0,quiet
351.07,349861,0,quiet
351.19,349990,0,quiet
351.30,350097,0,quiet
351.41,350201,0,quiet
351.51,350306,0,quiet
351.62,350413,0,quiet
351.72,350517,0,quiet
351.83,350621,0,quiet
351.93,350725,0,quiet
352.03,350829,0,quiet
352.14,350933,0,quiet
352.24,351037,0,quiet
352.35,351142,0,quiet
352.47,351269,0,quiet
352.58,351373,0,quiet
352.68,351477,0,quiet
352.79,351581,0,quiet
352.89,351685,0,quiet
352.99,351789,0,quiet
353.10,351894,0,quiet
353.21,352002,0,quiet
353.31,352109,0,quiet
353.42,352213,0,quiet
353.52,352317,0,quiet
353.65,352445,0,quiet
353.76,352553,0,quiet
353.86,352657,0,quiet
353.97,352761,0,quiet
354.07,352865,0,quiet
354.17,352969,0,quiet
354.28,353073,0,quiet
354.38,353178,0,medium
354.49,353285,0,medium
354.59,353389,0,medium
354.70,353493,4,medium
354.80,353597,64,medium
354.93,353721,48,medium
355.03,353826,0,medium
355.14,353933,64,medium
355.24,354037,0,medium
355.35,354141,0,medium
355.45,354246,0,medium
355.56,354353,0,medium
355.66,354457,0,medium
355.77,354561,0,medium
355.87,354665,0,medium
355.97,354769,0,medium
356.10,354893,0,medium
356.20,354997,0,medium
356.31,355101,0,medium
356.41,355205,21,medium
356.51,355309,19,medium
356.62,355413,1,medium
356.72,355517,0,medium
356.83,355621,23,medium
356.93,355725,0,medium
357.03,355829,0,medium
357.14,355933,0,medium
357.37,356165,0,medium
357.47,356269,42,medium
357.58,356373,111,medium
357.68,356477,100,medium
357.79,356586,0,medium
357.90,356693,82,medium
358.00,356797,7,medium
358.11,356902,56,medium
358.21,357009,26,medium
358.32,357113,44,medium
358.45,357241,0,medium
358.55,357345,0,medium
358.65,357449,0,medium
358.76,357553,0,medium
358.86,357657,0,medium
358.97,357762,9,medium
359.07,357869,0,medium
359.18,357973,0,medium
359.28,358077,0,medium
359.39,358181,0,medium
359.49,358289,0,medium
359.60,358394,0,medium
359.72,358517,0,medium
359.83,358622,55,medium
359.93,358729,57,medium
360.04,358833,85,medium
360.14,358938,105,medium
360.25,359045,1,medium
360.35,359149,11,medium
360.46,359253,42,medium
360.56,359357,67,medium
360.67,359466,0,medium
360.80,359593,53,medium
360.90,359697,0,medium
361.01,359801,0,medium
361.11,359905,53,medium
361.21,360009,0,medium
361.32,360113,0,medium
361.42,360217,0,medium
361.53,360321,0,medium
361.63,360425,0,medium
361.73,360529,0,medium
361.84,360633,0,medium
361.97,360761,0,medium
362.07,360865,0,medium
362.17,360969,0,medium
362.28,361073,0,medium
362.39,361182,0,medium
362.49,361289,0,medium
362.60,361393,0,medium
362.70,361497,0,medium
362.81,361602,0,medium
362.91,361710,0,medium
363.02,361817,21,medium
363.15,361945,39,medium
363.25,362049,26,medium
363.36,362153,58,medium
363.47,362262,28,medium
363.57,362369,13,medium
363.68,362473,0,medium
363.78,362577,0,medium
363.89,362681,0,medium
363.99,362785,0,medium
364.09,362889,0,medium
364.20,362993,0,medium
364.33,363121,0,medium
364.43,363225,0,medium
364.53,363331,0,medium
364.64,363438,0,medium
364.75,363545,0,medium
364.85,363649,39,medium
364.96,363753,0,medium
365.06,363857,0,medium
365.17,363961,72,medium
365.27,364065,43,medium
365.37,364169,0,medium
365.50,364299,55,medium
365.61,364405,11,medium
365.72,364514,43,medium
365.83,364621,1,medium
365.93,364725,62,medium
366.03,364829,15,medium
366.14,364933,0,medium
366.25,365041,0,medium
366.35,365145,15,medium
366.45,365249,23,medium
366.56,365353,35,medium
366.69,365481,0,medium
366.79,365586,0,medium
366.90,365693,0,medium
367.00,365797,0,medium
367.11,365901,0,medium
367.21,366005,0,medium
367.31,366110,0,medium
367.42,366218,0,medium
367.53,366325,24,medium
367.63,366429,59,medium
367.74,366533,0,medium
367.87,366661,0,medium
367.97,366770,0,medium
368.08,366878,0,medium
368.19,366985,26,medium
368.29,367089,0,medium
368.40,367193,0,medium
368.50,367297,0,medium
368.61,367401,0,medium
368.71,367505,0,medium
368.81,367609,0,medium
368.92,367713,0,medium
369.05,367842,0,medium
369.15,367949,0,medium
369.26,368053,0,medium
369.36,368157,0,medium
369.47,368261,0,medium
369.57,368365,0,medium
369.68,368474,0,medium
369.79,368581,0,medium
369.89,368685,0,medium
369.99,368789,0,medium
370.10,368893,0,medium
370.23,369021,0,medium
370.33,369125,0,quiet
370.43,369229,0,quiet
370.54,369333,0,quiet
370.64,369437,0,quiet
370.75,369546,0,quiet
370.86,369653,108,quiet
370.96,369757,41,quiet
371.07,369862,4,quiet
371.17,369969,0,quiet
371.28,370073,0,quiet
371.38,370177,0,quiet
371.51,370301,0,quiet
371.61,370405,0,quiet
371.71,370509,0,quiet
371.82,370613,0,quiet
371.92,370718,0,quiet
372.03,370825,0,quiet
372.13,370929,0,quiet
372.24,371033,0,quiet
372.34,371137,0,quiet
372.45,371241,0,quiet
372.55,371346,0,quiet
372.67,371461,0,quiet
372.78,371577,0,quiet
372.89,371681,0,quiet
372.99,371786,0,quiet
373.10,371893,0,quiet
373.20,371997,0,quiet
373.31,372101,0,quiet
373.41,372205,0,quiet
373.51,372309,0,quiet
373.62,372413,0,quiet
373.72,372518,0,quiet
373.83,372625,0,quiet
373.96,372753,0,quiet
374.06,372857,0,quiet
374.17,372962,0,quiet
374.27,373069,0,quiet
374.38,373173,0,quiet
374.48,373277,0,quiet
374.59,373381,0,quiet
374.69,373485,0,quiet
374.79,373589,0,quiet
374.90,373698,0,quiet
375.01,373805,0,quiet
375.11,373909,0,quiet
375.24,374033,0,quiet
375.35,374142,0,quiet
375.45,374249,0,quiet
375.56,374353,0,quiet
375.66,374457,0,quiet
375.77,374561,0,quiet
375.87,374666,0,quiet
375.98,374773,0,quiet
376.08,374877,0,quiet
376.19,374981,0,quiet
376.29,375085,0,quiet
376.53,375322,0,quiet
376.63,375430,0,quiet
376.74,375537,0,quiet
376.85,375641,0,quiet
376.95,375745,0,quiet
377.05,375849,0,quiet
377.16,375953,0,quiet
377.26,376057,0,quiet
377.37,376161,0,quiet
377.47,376265,0,quiet
377.57,376369,0,quiet
377.68,376473,0,quiet
377.81,376601,0,quiet
377.91,376705,0,quiet
378.01,376809,0,quiet
378.12,376913,0,quiet
378.22,377017,0,quiet
378.33,377126,0,quiet
378.44,377233,0,quiet
378.54,377337,0,quiet
378.65,377442,0,quiet
378.75,377549,0,quiet
378.86,377653,0,quiet
378.96,377757,0,quiet
379.09,377881,0,quiet
379.19,377985,0,quiet
379.29,378089,0,quiet
379.40,378193,0,quiet
379.50,378297,0,quiet
379.61,378402,0,quiet
379.71,378509,0,quiet
379.82,378613,0,quiet
379.92,378717,0,quiet
380.03,378821,0,quiet
380.13,378930,0,quiet
380.26,379057,0,quiet
380.37,379161,0,quiet
380.47,379265,0,quiet
380.57,379369,0,quiet
380.68,379473,0,quiet
380.78,379577,0,quiet
380.89,379681,0,quiet
380.99,379785,0,quiet
381.09,379889,0,quiet
381.20,379993,0,quiet
381.31,380102,0,quiet
381.41,380209,0,quiet
381.54,380333,0,quiet
381.64,380437,0,quiet
381.75,380542,0,quiet
381.85,380649,0,quiet
381.96,380753,0,quiet
382.06,380857,0,quiet
382.17,380961,0,quiet
382.27,381065,0,quiet
382.37,381169,0,quiet
382.48,381273,0,quiet
382.58,381377,0,quiet
382.69,381481,0,quiet
382.81,381605,0,quiet
382.91,381709,0,quiet
383.02,381813,0,quiet
383.12,381917,0,quiet
383.23,382021,0,quiet
383.33,382125,0,quiet
383.43,382229,0,quiet
383.54,382333,0,quiet
383.64,382437,0,quiet
383.75,382541,0,quiet
383.85,382645,0,quiet
383.98,382773,0,quiet
384.08,382877,0,quiet
384.19,382985,0,quiet
384.29,383089,0,quiet
384.40,383193,0,quiet
384.50,383298,0,quiet
384.61,383405,0,quiet
384.71,383509,0,quiet
384.82,383613,0,quiet
384.92,383717,0,quiet
385.03,383821,0,quiet
385.13,383925,0,quiet
385.25,384049,0,quiet
385.36,384153,0,quiet
385.46,384258,0,quiet
385.57,384365,0,quiet
385.67,384469,0,quiet
385.78,384573,0,quiet
385.88,384678,0,quiet
385.99,384785,0,quiet
386.09,384889,0,quiet
386.20,384993,0,quiet
386.30,385097,0,quiet
386.41,385209,0,quiet
386.53,385325,0,quiet
386.63,385429,0,quiet
386.74,385533,0,quiet
386.84,385637,0,quiet
386.95,385741,0,quiet
387.05,385845,0,quiet
387.15,385949,0,quiet
387.26,386053,0,quiet
387.36,386157,0,quiet
387.47,386261,0,quiet
387.57,386365,0,quiet
387.70,386493,0,quiet
387.80,386597,0,quiet
387.91,386701,0,quiet
388.01,386805,0,quiet
388.11,386909,0,quiet
388.22,387013,0,quiet
388.32,387117,0,quiet
388.43,387221,0,quiet
388.53,387325,0,quiet
388.63,387430,0,quiet
388.74,387537,0,quiet
388.85,387642,0,quiet
388.97,387765,0,quiet
389.07,387870,0,quiet
389.18,387977,0,quiet
389.29,388081,0,quiet
389.39,388185,0,quiet
389.49,388289,0,quiet
389.60,388393,0,quiet
389.70,388497,0,quiet
389.81,388601,0,quiet
389.91,388705,0,quiet
390.01,388809,0,quiet
390.14,388937,0,quiet
390.25,389041,0,quiet
390.35,389145,0,quiet
390.45,389249,0,quiet
390.56,389354,0,quiet
390.67,389461,0,quiet
390.77,389565,0,quiet
390.87,389669,0,quiet
390.98,389773,0,quiet
391.08,389877,0,quiet
391.19,389982,0,quiet
391.29,390089,0,quiet
391.42,390213,0,quiet
391.52,390317,0,quiet
391.63,390422,0,quiet
391.73,390529,0,quiet
391.84,390633,0,quiet
391.94,390737,0,quiet
392.05,390841,0,quiet
392.15,390945,0,quiet
392.25,391049,0,quiet
392.36,391153,0,quiet
392.46,391257,0,quiet
392.57,391362,0,quiet
392.69,391485,0,quiet
392.79,391589,0,quiet
392.90,391693,0,quiet
393.00,391797,0,quiet
393.11,391901,0,quiet
393.21,392005,0,quiet
393.31,392109,0,quiet
393.42,392214,0,quiet
393.53,392322,0,quiet
393.63,392429,0,quiet
393.74,392533,0,quiet
393.87,392661,0,quiet
393.97,392766,0,quiet
394.08,392873,0,quiet
394.18,392977,0,quiet
394.29,393081,0,quiet
394.39,393185,0,quiet
394.49,393289,0,quiet
394.60,393393,0,quiet
394.70,393497,0,quiet
394.81,393601,0,quiet
394.91,393705,0,quiet
395.01,393809,0,quiet
395.14,393933,0,quiet
395.24,394038,0,quiet
395.35,394146,0,quiet
395.46,394253,0,quiet
395.56,394357,0,quiet
395.67,394461,0,quiet
395.77,394566,0,quiet
395.88,394673,0,quiet
395.98,394777,0,quiet
396.09,394881,0,quiet
396.19,394985,0,quiet
396.29,395089,0,quiet
396.53,395321,0,quiet
396.63,395425,0,quiet
396.73,395529,0,quiet
396.84,395633,0,quiet
396.95,395742,0,quiet
397.05,395849,0,quiet
397.16,395953,0,quiet
397.26,396057,0,quiet
397.37,396162,0,quiet
397.47,396269,0,quiet
397.58,396377,0,quiet
397.71,396505,0,quiet
397.81,396609,0,quiet
397.92,396713,0,quiet
398.02,396818,0,quiet
398.13,396926,0,quiet
398.24,397033,0,quiet
398.34,397137,0,quiet
398.45,397241,0,quiet
398.55,397345,0,quiet
398.65,397449,0,quiet
398.76,397553,0,quiet
398.86,397657,0,quiet
398.99,397781,0,quiet
399.09,397885,0,quiet
399.19,397989,1,quiet
399.30,398093,0,quiet
399.40,398198,0,quiet
399.51,398305,0,quiet
399.61,398409,0,quiet
399.72,398513,0,quiet
399.83,398622,0,quiet
399.93,398729,0,quiet
400.04,398833,0,quiet
400.15,398945,0,quiet
400.27,399061,0,quiet
400.37,399169,0,quiet
400.48,399273,0,quiet
400.58,399377,0,quiet
400.69,399481,0,quiet
400.79,399585,0,quiet
400.89,399689,0,quiet
401.00,399793,0,quiet
401.10,399898,0,quiet
401.21,400005,0,quiet
401.31,400109,0,quiet
401.44,400238,0,quiet
401.55,400345,0,quiet
401.65,400449,0,quiet
401.76,400553,0,quiet
401.86,400657,0,quiet
401.97,400761,0,quiet
402.07,400866,0,quiet
402.18,400973,0,quiet
402.28,401077,0,quiet
402.39,401181,0,quiet
402.49,401285,0,quiet
402.59,401389,0,quiet
402.72,401513,0,quiet
402.82,401617,0,quiet
402.93,401721,0,quiet
403.03,401825,0,quiet
403.13,401929,0,quiet
403.24,402033,0,quiet
403.34,402138,0,quiet
403.45,402245,0,quiet
403.55,402349,0,quiet
403.66,402453,0,quiet
403.76,402557,0,quiet
403.89,402686,0,quiet
404.00,402793,0,quiet
404.10,402897,0,quiet
404.21,403001,0,quiet
404.31,403105,0,quiet
404.41,403209,0,quiet
404.52,403313,0,quiet
404.62,403417,0,quiet
404.73,403521,0,quiet
404.83,403625,0,quiet
404.93,403729,0,quiet
405.04,403833,0,quiet
405.17,403961,0,quiet
405.27,404065,0,quiet
405.37,404169,0,quiet
405.48,404273,0,quiet
405.59,404382,0,quiet
405.69,404489,0,quiet
405.80,404593,0,quiet
405.90,404697,0,quiet
406.01,404802,0,quiet
406.11,404910,0,quiet
406.22,405017,0,quiet
406.33,405121,0,quiet
406.45,405245,0,quiet
406.55,405349,0,quiet
406.66,405453,0,quiet
406.76,405557,0,quiet
